duration,service,src_bytes,dst_bytes,hot,num_failed_logins,num_compromised,num_root,num_file_creations,num_access_files,count,srv_count,serror_rate,srv_serror_rate,rerror_rate,srv_rerror_rate,same_srv_rate,diff_srv_rate,srv_diff_host_rate,dst_host_count,dst_host_srv_count,dst_host_same_srv_rate,dst_host_diff_srv_rate,dst_host_same_src_port_rate,dst_host_srv_diff_host_rate,dst_host_serror_rate,dst_host_srv_serror_rate,dst_host_rerror_rate,dst_host_srv_rerror_rate,xAttack
0,25,193,441,0,0,0,0,0,0,15,37,0,0,0,0,1,0,0.08,15,255,1,0,0.07,0.04,0,0.04,0,0,normal
0,38,0,0,0,0,0,0,0,0,191,1,0,0,1,1,0.01,0.07,0,255,1,0,0.07,0,0,0,0,1,1,dos
0,25,167,9724,0,0,0,0,0,0,3,3,0,0,0,0,1,0,0,39,255,1,0,0.03,0.06,0,0,0,0,normal
0,20,1339,0,0,0,0,0,0,0,2,2,0,0,0,0,1,0,0,134,31,0.23,0.04,0.23,0,0.02,0,0,0,normal
0,37,0,0,0,0,0,0,0,0,298,25,1,1,0,0,0.08,0.05,0,255,25,0.1,0.05,0,0,1,1,0,0,dos
0,25,326,2659,0,0,0,0,0,0,18,19,0,0,0,0,1,0,0.11,255,255,1,0,0,0,0,0,0,0,normal
0,50,105,145,0,0,0,0,0,0,1,1,0,0,0,0,1,0,0,21,13,0.62,0.14,0.1,0,0,0,0,0,normal
0,40,0,0,0,0,0,0,0,0,255,5,1,1,0,0,0.02,0.05,0,255,16,0.06,0.07,0,0,1,1,0,0,dos
0,20,0,133,0,0,0,0,0,0,1,1,0,0,1,1,1,0,0,2,2,0.5,1,0.5,1,0,0,1,1,probe
0,25,226,3630,0,0,0,0,0,0,7,11,0,0,0,0,1,0,0.18,7,255,1,0,0.14,0.01,0,0,0,0,normal
0,25,164,19950,0,0,0,0,0,0,1,1,0,0,0,0,1,0,0,187,255,1,0,0.01,0.01,0,0,0,0,normal
0,25,300,26466,0,0,0,0,0,0,4,4,0,0,0,0,1,0,0,124,255,1,0,0.01,0.02,0.02,0.01,0,0,normal
0,20,6601,0,0,0,0,0,0,0,21,21,0,0,0,0,1,0,0,79,53,0.34,0.05,0.34,0.04,0,0,0,0,normal
0,6,0,0,0,0,0,0,0,0,203,14,1,1,0,0,0.07,0.06,0,255,14,0.05,0.06,0,0,1,1,0,0,dos
0,20,9178,0,0,0,0,0,0,0,15,15,0,0,0,0,1,0,0,255,21,0.08,0.02,0.08,0,0,0,0.77,0,normal
0,25,233,7355,0,0,0,0,0,0,2,2,0,0,0,0,1,0,0,255,255,1,0,0,0,0,0,0,0,normal
5,55,911,357,0,0,0,0,0,0,2,1,0,0,0,0,0.5,1,0,90,51,0.57,0.06,0.01,0,0,0,0,0,normal
0,25,314,2966,0,0,0,0,0,0,4,4,0,0,0,0,1,0,0,10,255,1,0,0.1,0.05,0,0,0,0,normal
0,12,1,0,0,0,0,0,0,0,23,5,0,0,0,0,0.22,0.13,0,255,5,0.02,0.91,0.1,0,0.03,0,0.87,0,probe
0,25,241,1603,0,0,0,0,0,0,16,24,0,0,0,0,1,0,0.12,146,255,1,0,0.01,0.02,0,0,0,0,normal
0,12,46,46,0,0,0,0,0,0,15,21,0,0,0,0,1,0,0.1,255,255,1,0,0.01,0,0,0,0,0,normal
0,25,458,6452,0,0,0,0,0,0,14,14,0,0,0,0,1,0,0,255,255,1,0,0,0,0,0,0.02,0.02,normal
0,18,0,0,0,0,0,0,0,0,113,18,1,1,0,0,0.16,0.07,0,255,18,0.07,0.07,0,0,1,1,0,0,dos
0,25,226,5087,0,0,0,0,0,0,18,22,0,0,0,0,1,0,0.09,68,255,1,0,0.01,0.03,0,0,0,0,normal
0,25,200,267,0,0,0,0,0,0,6,6,0,0,0,0,1,0,0,170,255,1,0,0.01,0.01,0,0,0,0,normal
0,50,0,0,0,0,0,0,0,0,122,12,1,1,0,0,0.1,0.07,0,255,12,0.05,0.08,0,0,1,1,0,0,dos
0,25,220,370,0,0,0,0,0,0,10,10,0,0,0,0,1,0,0,255,255,1,0,0,0,0,0,0,0,normal
0,31,0,0,0,0,0,0,0,0,126,22,1,1,0,0,0.17,0.06,0,255,22,0.09,0.05,0,0,1,1,0,0,dos
17784,45,1,0,0,0,0,0,0,0,2,2,0,0,1,1,1,0,0,255,2,0.01,0.73,1,0,0,0,1,1,probe
0,19,8,139,0,0,0,0,0,0,1,1,0,0,0,0,1,0,0,255,15,0.06,0.02,0,0,0,0.07,0,0,normal
0,42,0,0,0,0,0,0,0,0,140,15,1,1,0,0,0.11,0.06,0,255,15,0.06,0.05,0,0,1,1,0,0,dos
0,12,0,0,0,0,0,0,0,0,243,6,1,1,0,0,0.02,0.07,0,255,6,0.02,0.07,0,0,1,1,0,0,dos
0,61,0,0,0,0,0,0,0,0,238,17,1,1,0,0,0.07,0.06,0,255,18,0.07,0.07,0,0,1,1,0,0,dos
0,50,0,0,0,0,0,0,0,0,257,7,0,0,1,1,0.03,0.06,0,255,7,0.03,0.06,0,0,0,0,1,1,dos
0,50,28,0,0,0,0,0,0,0,38,37,0,0,0.03,0,0.97,0.05,0,255,37,0.15,0.02,0.15,0,0,0,0.65,0,dos
0,16,1032,0,0,0,0,0,0,0,511,511,0,0,0,0,1,0,0,255,179,0.7,0.01,0.7,0,0,0,0,0,dos
0,25,303,622,0,0,0,0,0,0,39,39,0,0,0,0,1,0,0,114,255,1,0,0.01,0.02,0,0,0,0,normal
0,50,0,0,0,0,0,0,0,0,117,11,1,1,0,0,0.09,0.07,0,255,14,0.05,0.07,0,0,1,1,0,0,dos
0,15,8,0,0,0,0,0,0,0,1,25,0,0,0,0,1,0,1,2,192,1,0,1,0.5,0,0,0,0,probe
0,25,338,5759,0,0,0,0,0,0,4,4,0,0,0,0,1,0,0,65,115,1,0,0.02,0.03,0,0,0,0.01,normal
0,12,45,111,0,0,0,0,0,0,75,155,0,0,0,0,1,0,0.01,255,209,0.82,0.01,0,0,0,0,0,0,normal
0,25,243,13335,0,0,0,0,0,0,11,11,0,0,0,0,1,0,0,31,255,1,0,0.03,0.06,0,0,0,0,normal
0,25,313,469,0,0,0,0,0,0,11,11,0,0,0,0,1,0,0,36,255,1,0,0.03,0.04,0,0,0,0,normal
0,25,190,14358,0,0,0,0,0,0,19,20,0,0,0,0,1,0,0.1,19,255,1,0,0.05,0.01,0,0,0,0,normal
0,16,1032,0,0,0,0,0,0,0,511,511,0,0,0,0,1,0,0,255,23,0.09,0.25,0.09,0,0,0,0,0,dos
0,50,0,0,0,0,0,0,0,0,2,1,0,0,1,1,0.5,1,0,255,1,0,0.76,0.75,0,0,0,0.75,1,probe
0,67,0,0,0,0,0,0,0,0,145,19,1,1,0,0,0.13,0.06,0,255,1,0,0.07,0,0,1,1,0,0,dos
0,25,215,2735,0,0,0,0,0,0,6,6,0,0,0,0,1,0,0,6,255,1,0,0.17,0.03,0,0,0,0,normal
0,25,215,337,0,0,0,0,0,0,17,17,0,0,0,0,1,0,0,83,255,1,0,0.01,0.02,0,0,0,0,normal
0,15,8,0,0,0,0,0,0,0,1,51,0,0,0,0,1,0,1,1,29,1,0,1,0.52,0,0,0,0,probe
0,55,1296,325,0,0,0,0,0,0,1,4,0,0,0,0,1,0,1,1,1,1,0,1,0,0,0,0,0,normal
0,55,1173,330,0,0,0,0,0,0,1,1,0,0,0,0,1,0,0,34,32,0.94,0.06,0.03,0,0,0,0,0,normal
0,12,44,44,0,0,0,0,0,0,148,228,0,0,0,0,1,0,0.01,255,255,1,0,0.01,0,0,0,0,0,normal
0,25,246,3295,0,0,0,0,0,0,5,6,0,0,0,0,1,0,0.33,36,255,1,0,0.03,0.02,0,0,0,0,normal
0,55,0,0,0,0,0,0,0,0,4,4,1,1,0,0,1,0,0,66,136,0.36,0.03,0.02,0.01,0.97,0.18,0,0,dos
0,25,344,1958,0,0,0,0,0,0,5,5,0,0,0,0,1,0,0,39,255,1,0,0.03,0.04,0,0,0,0,normal
0,25,211,1696,0,0,0,0,0,0,1,6,0,0,0,0,1,0,0.67,13,255,1,0,0.08,0.04,0,0,0,0,normal
0,25,0,0,0,0,0,0,0,0,1,1,0,0,1,1,1,0,0,43,201,1,0,0.02,0.12,0,0,1,0.89,normal
0,25,199,19271,0,0,0,0,0,0,19,19,0,0,0,0,1,0,0,47,255,1,0,0.02,0.07,0,0,0,0,normal
11,55,13180,1361,0,0,0,0,0,0,1,1,0,0,0,0,1,0,0,148,204,0.68,0.02,0.01,0.01,0,0,0,0,normal
0,20,0,0,0,0,0,0,0,0,4,1,1,1,0,0,0.25,0.75,0,244,61,0.25,0.02,0,0,1,1,0,0,dos
7,61,105,2138,0,0,0,0,0,0,1,1,0,0,0,0,1,0,0,44,1,0.02,0.11,0.02,0,0,0,0,0,normal
2,55,1029,326,0,0,0,0,0,0,1,2,0,0,0,0,1,0,1,135,136,0.65,0.03,0.01,0.02,0,0,0,0,normal
0,18,0,0,0,0,0,0,0,0,150,20,1,1,0,0,0.13,0.05,0,255,20,0.08,0.05,0,0,1,1,0,0,dos
0,58,0,0,0,0,0,0,0,0,202,14,1,1,0,0,0.07,0.06,0,255,14,0.05,0.07,0,0,1,1,0,0,dos
0,25,252,1461,0,0,0,0,0,0,2,2,0,0,0,0,1,0,0,210,255,1,0,0,0.01,0,0,0,0,normal
0,50,0,0,0,0,0,0,0,0,1,1,0,0,1,1,1,0,0,199,1,0.01,0.18,0.16,0,0,0,0.17,1,probe
0,66,183,0,0,0,0,0,0,0,4,4,0,0,0,0,1,0,0,255,37,0.15,0.01,0.16,0,0,0,0,0,normal
0,25,54540,8314,2,0,1,0,0,0,4,4,0,0,0,0,1,0,0,74,74,1,0,0.01,0,0,0,0.19,0.19,dos
0,25,209,2768,0,0,0,0,0,0,12,14,0,0,0,0,1,0,0.14,255,255,1,0,0,0,0,0,0,0,normal
0,50,105,0,0,0,0,0,0,0,2,2,0,0,0,0,1,0,0,255,253,0.99,0.01,0,0,0,0,0,0,normal
0,50,0,0,0,0,0,0,0,0,146,17,1,1,0,0,0.12,0.06,0,255,7,0.03,0.08,0,0,1,1,0,0,dos
0,15,8,0,0,0,0,0,0,0,1,44,0,0,0,0,1,0,1,1,97,1,0,1,0.51,0,0,0,0,probe
0,45,1,0,0,0,0,0,0,0,23,1,0,0,0,0,0.04,0.35,0,255,1,0,0.18,0.53,0,0,0,0.4,0,probe
0,25,0,0,0,0,0,0,0,0,278,7,1,1,0,0,0.03,0.06,0,255,8,0.03,0.07,0,0,1,1,0,0,dos
0,50,1,0,0,0,0,0,0,0,142,105,0,0,0,0,0.74,0.04,0,255,146,0.57,0.05,1,0,0,0,0,0,probe
0,69,0,0,0,0,0,0,0,0,147,3,0,0,1,1,0.02,0.07,0,255,3,0.01,0.07,0,0,0,0,1,1,dos
2,55,4263,365,0,0,0,0,0,0,1,2,0,0,0,0,1,0,1,137,192,0.8,0.08,0.01,0.01,0.03,0.02,0,0,normal
0,42,0,0,0,0,0,0,0,0,106,5,1,1,0,0,0.05,0.08,0,255,5,0.02,0.06,0,0,1,1,0,0,dos
0,25,311,1426,0,0,0,0,0,0,16,20,0,0,0,0,1,0,0.1,16,255,1,0,0.06,0.05,0,0.02,0,0,normal
0,12,43,130,0,0,0,0,0,0,74,154,0,0,0,0,1,0,0.01,255,254,1,0.01,0,0,0,0,0,0,normal
7580,45,147,105,0,0,0,0,0,0,1,1,0,0,0,0,1,0,0,255,1,0,0.68,0.95,0,0,0,0,0,normal
0,25,288,1279,0,0,0,0,0,0,21,28,0,0,0,0,1,0,0.07,21,255,1,0,0.05,0.01,0,0,0,0,normal
81,25,328,189,0,0,0,0,0,0,25,25,0,0,0,0,1,0,0,255,255,1,0,0,0,0,0,0,0,normal
3,55,1769,332,0,0,0,0,0,0,1,1,0,0,0,0,1,0,0,218,142,0.53,0.02,0,0.01,0,0.01,0,0,normal
0,25,0,0,0,0,0,0,0,0,1,5,0,0,1,1,1,0,1,8,255,1,0,0.12,0.21,0,0.01,1,0.99,normal
0,25,292,846,0,0,0,0,0,0,17,18,0,0,0,0,1,0,0.11,255,255,1,0,0,0,0,0,0,0,normal
0,70,0,0,0,0,0,0,0,0,218,18,1,1,0,0,0.08,0.06,0,255,3,0.01,0.08,0,0,1,1,0,0,dos
1,50,0,0,0,0,0,0,0,0,18,2,0,0,1,1,0.11,0.5,0,188,2,0.01,0.06,0.1,0,0.01,0,0.36,1,probe
0,25,176,5163,0,0,0,0,0,0,1,5,0,0,0,0,1,0,0.6,255,245,0.96,0.01,0,0,0,0,0,0,normal
0,29,0,0,0,0,0,0,0,0,239,4,1,1,0,0,0.02,0.05,0,255,4,0.02,0.05,0,0,1,1,0,0,dos
0,12,45,75,0,0,0,0,0,0,191,191,0,0,0,0,1,0,0,255,255,1,0,0.01,0,0,0,0,0,normal
0,25,193,757,0,0,0,0,0,0,2,3,0,0,0,0,1,0,0.67,25,255,1,0,0.04,0.05,0,0,0,0,normal
31,12,134,32,0,0,0,0,0,0,2,2,0,0,0,0,1,0,0,97,96,0.99,0.02,0.99,0,0,0,0,0,normal
0,45,516,4,0,0,0,0,0,0,188,188,0,0,0,0,1,0,0,188,188,1,0,1,0,0,0,0,0,normal
14380,45,1,0,0,0,0,0,0,0,2,2,0,0,1,1,1,0,0,255,2,0.01,0.68,1,0,0,0,1,1,probe
0,15,8,0,0,0,0,0,0,0,1,18,0,0,0,0,1,0,1,1,223,1,0,1,0.5,0,0,0,0,probe
0,20,0,0,0,0,0,0,0,0,262,16,0,0,1,1,0.06,0.06,0,255,16,0.06,0.08,0,0,0,0,1,1,dos
0,39,0,0,0,0,0,0,0,0,288,15,1,1,0,0,0.05,0.06,0,255,9,0.04,0.06,0,0,1,1,0,0,dos
0,25,313,5215,0,0,0,0,0,0,5,28,0,0,0,0,1,0,0.07,122,255,1,0,0.01,0.05,0,0,0,0,normal
0,59,0,0,0,0,0,0,0,0,226,14,0,0,1,1,0.06,0.07,0,255,14,0.05,0.07,0,0,0,0,1,1,dos
0,12,0,0,0,0,0,0,0,0,278,2,1,1,0,0,0.01,0.05,0,255,2,0.01,0.07,0,0,1,1,0,0,dos
0,25,277,56851,0,0,0,0,0,0,2,2,0,0,0,0,1,0,0,12,164,1,0,0.08,0.13,0,0,0,0,normal
0,67,0,0,0,0,0,0,0,0,276,19,1,1,0,0,0.07,0.06,0,255,19,0.07,0.06,0,0,1,1,0,0,dos
0,25,0,0,0,0,0,0,0,0,1,2,0,0,1,1,1,0,1,13,95,1,0,0.08,0.23,0,0,1,1,normal
0,12,44,75,0,0,0,0,0,0,73,73,0,0,0,0,1,0,0,255,246,0.96,0.01,0,0,0,0,0,0,normal
0,25,242,6757,0,0,0,0,0,0,9,9,0,0,0,0,1,0,0,255,255,1,0,0,0,0,0,0,0,normal
0,25,257,11445,0,0,0,0,0,0,7,7,0,0,0,0,1,0,0,57,255,1,0,0.02,0.03,0,0,0,0,normal
0,67,0,0,0,0,0,0,0,0,138,20,1,1,0,0,0.14,0.05,0,255,6,0.02,0.07,0,0,1,1,0,0,dos
0,20,0,0,0,0,0,0,0,0,248,19,1,1,0,0,0.08,0.05,0,255,19,0.07,0.07,0,0,1,1,0,0,dos
0,25,205,584,0,0,0,0,0,0,4,5,0,0,0,0,1,0,0.4,255,255,1,0,0,0,0,0,0,0,normal
0,25,323,11111,0,0,0,0,0,0,3,3,0,0,0,0,1,0,0,255,255,1,0,0,0,0,0,0,0,normal
0,12,43,43,0,0,0,0,0,0,171,171,0,0,0,0,1,0,0,255,254,1,0.01,0,0,0,0,0,0,normal
0,20,1250,2451,28,0,0,0,0,0,1,1,0,0,0,0,1,0,0,237,65,0.27,0.02,0,0,0,0,0.01,0,r2l
0,25,251,1414,0,0,0,0,0,0,5,6,0.2,0.33,0,0,1,0,0.33,108,255,1,0,0.01,0.01,0.01,0,0,0,normal
23,12,42,34,0,0,0,0,0,0,2,16,0,0,0,0,1,0,0.31,255,244,0.96,0.01,0.06,0,0,0,0,0,normal
0,50,0,0,0,0,0,0,0,0,129,17,1,1,0,0,0.13,0.07,0,255,5,0.02,0.07,0,0,1,1,0,0,dos
0,16,520,0,0,0,0,0,0,0,444,444,0,0,0,0,1,0,0,186,186,1,0,1,0,0,0,0,0,dos
0,55,678,329,0,0,0,0,0,0,1,2,0,0,0,0,1,0,1,255,95,0.37,0.03,0,0,0,0,0,0,normal
0,25,233,261,0,0,0,0,0,0,4,7,0,0,0,0,1,0,0.29,255,246,0.96,0.01,0,0,0,0,0,0,normal
0,25,276,4465,0,0,0,0,0,0,1,10,0,0,0,0,1,0,0.3,255,255,1,0,0,0,0.01,0.01,0,0,normal
0,15,8,0,0,0,0,0,0,0,1,12,0,0,0,0,1,0,1,1,181,1,0,1,0.25,0,0,0,0,probe
0,20,11,0,0,0,0,0,0,0,1,1,0,0,0,0,1,0,0,255,25,0.1,0.01,0.1,0,0.69,0,0,0,normal
0,7,0,0,0,0,0,0,0,0,146,16,1,1,0,0,0.11,0.06,0,255,12,0.05,0.06,0,0,1,1,0,0,dos
2,55,802,329,0,0,0,0,0,0,1,1,0,0,0,0,1,0,0,158,158,0.63,0.03,0.01,0.01,0.01,0.01,0,0,normal
0,50,0,0,0,0,0,0,0,0,279,13,1,1,0,0,0.05,0.06,0,255,14,0.05,0.07,0,0,1,1,0,0,dos
0,15,8,0,0,0,0,0,0,0,1,40,0,0,0,0,1,0,1,2,74,1,0,1,0.5,0,0,0,0,probe
10,55,2376,329,0,0,0,0,0,0,1,1,0,0,0,0,1,0,0,149,166,0.55,0.03,0.01,0.01,0,0,0,0,normal
0,61,0,0,0,0,0,0,0,0,250,4,1,1,0,0,0.02,0.06,0,255,17,0.07,0.07,0,0,1,1,0,0,dos
0,19,0,0,0,0,0,0,0,0,68,18,1,1,0,0,0.26,0.06,0,255,43,0.17,0.04,0.01,0,1,1,0,0,dos
0,34,0,0,0,0,0,0,0,0,301,20,1,1,0,0,0.07,0.06,0,255,20,0.08,0.07,0,0,1,1,0,0,dos
0,12,44,130,0,0,0,0,0,0,58,273,0,0,0,0,1,0,0.01,116,200,0.87,0.02,0.87,0.01,0,0,0.09,0,normal
0,25,0,0,0,0,0,0,0,0,4,1,1,1,0,0,0.25,0.5,0,255,61,0.24,0.02,0,0,1,1,0,0,dos
0,25,193,281,0,0,0,0,0,0,26,26,0,0,0,0,1,0,0,27,255,1,0,0.04,0.02,0,0,0,0,normal
0,29,0,0,0,0,0,0,0,0,227,18,1,1,0,0,0.08,0.06,0,255,18,0.07,0.06,0,0,1,1,0,0,dos
0,29,0,0,0,0,0,0,0,0,258,6,1,1,0,0,0.02,0.07,0,255,6,0.02,0.07,0,0,1,1,0,0,dos
0,25,292,8258,0,0,0,0,0,0,4,45,0,0,0,0,1,0,0.04,255,255,1,0,0,0,0,0,0,0,normal
0,59,0,0,0,0,0,0,0,0,260,15,1,1,0,0,0.06,0.05,0,255,15,0.06,0.05,0,0,1,1,0,0,dos
0,25,184,24043,0,0,0,0,0,0,1,1,0,0,0,0,1,0,0,255,255,1,0,0,0,0,0,0,0,normal
0,25,229,1402,0,0,0,0,0,0,16,33,0,0,0,0,1,0,0.06,255,255,1,0,0.01,0,0,0,0,0,normal
0,3,0,0,0,0,0,0,0,0,257,12,1,1,0,0,0.05,0.06,0,255,12,0.05,0.07,0,0,1,1,0,0,dos
0,25,307,421,0,0,0,0,0,0,6,17,0,0,0,0.06,1,0,0.35,255,255,1,0,0,0,0,0,0,0,normal
0,17,0,0,0,0,0,0,0,0,133,18,1,1,0,0,0.14,0.06,0,255,18,0.07,0.06,0,0,1,1,0,0,dos
0,25,309,7263,0,0,0,0,0,0,11,11,0,0,0,0,1,0,0,133,255,1,0,0.01,0.01,0,0,0.02,0.01,normal
0,25,54540,8314,2,0,1,0,0,0,4,4,0,0,0,0,1,0,0,68,68,1,0,0.01,0,0,0,0.03,0.03,dos
0,16,1032,0,0,0,0,0,0,0,300,300,0,0,0,0,1,0,0,168,74,0.44,0.04,0.44,0,0.01,0,0.38,0,dos
8795,45,1,0,0,0,0,0,0,0,2,2,0,0,1,1,1,0,0,255,2,0.01,0.74,1,0,0,0,1,1,probe
0,55,3019,387,0,0,0,0,0,0,1,1,0,0,0,0,1,0,0,255,37,0.15,0.73,0,0,0.71,0,0,0,normal
0,25,233,616,0,0,0,0,0,0,3,3,0,0,0,0,1,0,0,66,255,1,0,0.02,0.03,0,0,0.02,0,normal
0,25,222,10496,0,0,0,0,0,0,3,4,0,0,0,0,1,0,0.5,17,255,1,0,0.06,0.03,0,0,0,0,normal
0,50,0,0,0,0,0,0,0,0,190,4,1,1,0,0,0.02,0.06,0,255,4,0.02,0.06,0,0,1,1,0,0,dos
0,50,0,0,0,0,0,0,0,0,118,9,1,1,0,0,0.08,0.06,0,120,9,0.08,0.07,0.01,0,1,1,0,0,dos
0,31,0,0,0,0,0,0,0,0,147,17,1,1,0,0,0.12,0.05,0,255,17,0.07,0.06,0,0,1,1,0,0,dos
0,12,46,133,0,0,0,0,0,0,79,159,0,0,0,0,1,0,0.01,255,218,0.85,0.01,0,0,0,0,0,0,normal
1,55,802,327,0,0,0,0,0,0,1,1,0,0,0,0,1,0,0,60,185,0.95,0.03,0.02,0.01,0,0,0,0,normal
0,38,0,0,0,0,0,0,0,0,101,13,1,1,0,0,0.13,0.05,0,255,13,0.05,0.05,0,0,1,1,0,0,dos
0,25,328,405,0,0,0,0,0,0,5,5,0,0,0,0,1,0,0,255,255,1,0,0,0,0,0,0,0,normal
0,25,240,2446,0,0,0,0,0,0,20,39,0,0,0,0,1,0,0.1,255,255,1,0,0,0,0,0,0,0,normal
0,20,10389,0,0,0,0,0,0,0,3,3,0,0,0,0,1,0,0,168,30,0.18,0.04,0.18,0,0,0,0,0,normal
0,25,341,8867,0,0,0,0,0,0,15,15,0,0,0,0,1,0,0,255,255,1,0,0,0,0,0,0,0,normal
0,61,0,0,0,0,0,0,0,0,249,3,1,1,0,0,0.01,0.06,0,255,18,0.07,0.07,0,0,1,1,0,0,dos
57,61,136,16044,0,0,4,0,0,0,1,1,0,0,0,0,1,0,0,192,1,0.01,0.04,0.01,0,0,0,0,0,normal
0,6,0,0,0,0,0,0,0,0,210,5,0,0,1,1,0.02,0.07,0,255,5,0.02,0.07,0,0,0,0,1,1,dos
0,70,0,0,0,0,0,0,0,0,286,10,1,1,0,0,0.03,0.05,0,255,10,0.04,0.05,0,0,1,1,0,0,dos
0,20,0,0,0,0,0,0,0,0,279,10,1,1,0,0,0.04,0.06,0,255,10,0.04,0.08,0,0,1,1,0,0,dos
0,16,1032,0,0,0,0,0,0,0,511,511,0,0,0,0,1,0,0,255,22,0.09,0.25,0.09,0,0,0,0,0,dos
0,55,837,335,0,0,0,0,0,0,1,1,0,0,0,0,1,0,0,92,132,0.38,0.05,0.01,0.02,0,0,0,0,normal
0,12,29,0,0,0,0,0,0,0,2,2,0,0,0,0,0.5,1,1,114,44,0.15,0.04,0.15,0.05,0,0,0,0,normal
0,12,0,0,0,0,0,0,0,0,33,15,1,1,0,0,0.45,0.09,0,255,21,0.08,0.07,0,0,1,1,0,0,dos
0,12,45,74,0,0,0,0,0,0,315,314,0,0,0,0,1,0.01,0,255,234,0.92,0.01,0,0,0,0,0,0,normal
0,20,567,0,0,0,0,0,0,0,1,1,0,0,0,0,1,0,0,78,75,0.4,0.04,0.4,0.03,0,0,0,0,normal
0,25,299,3991,0,0,0,0,0,0,19,52,0.05,0.02,0,0,1,0,0.12,255,255,1,0,0,0,0,0,0,0,normal
0,50,0,0,0,0,0,0,0,0,116,19,1,1,0,0,0.16,0.06,0,255,15,0.06,0.06,0,0,1,1,0,0,dos
0,64,0,0,0,0,0,0,0,0,290,5,1,1,0,0,0.02,0.06,0,255,5,0.02,0.06,0,0,1,1,0,0,dos
0,25,194,1274,0,0,0,0,0,0,39,45,0,0,0,0,1,0,0.04,39,255,1,0,0.03,0.01,0,0,0,0,normal
0,50,1,0,0,0,0,0,0,0,5,1,0,0,0,0,0.2,0.4,0,255,44,0.17,0.32,1,0,0,0,0,0,probe
0,12,32,92,0,0,0,0,0,0,2,6,0,0,0,0,0.5,1,0.33,75,13,0.17,0.05,0.01,0,0,0,0,0,normal
0,56,0,0,0,0,0,0,0,0,103,3,0,0,1,1,0.03,0.07,0,255,3,0.01,0.07,0,0,0,0,1,1,dos
0,12,42,108,0,0,0,0,0,0,1,2,0,0,0,0,1,0,1,255,247,0.97,0.01,0,0,0,0,0,0,normal
0,12,44,139,0,0,0,0,0,0,73,153,0,0,0,0,1,0,0.01,229,179,0.78,0.01,0,0,0,0,0,0,normal
0,55,729,333,0,0,0,0,0,0,1,2,0,0,0,0,1,0,1,22,130,0.68,0.18,0.05,0.02,0,0,0,0,normal
0,25,231,4593,0,0,0,0,0,0,15,67,0,0.03,0,0,1,0,0.07,15,255,1,0,0.07,0.07,0,0,0,0,normal
0,50,0,0,0,0,0,0,0,0,224,15,1,1,0,0,0.07,0.07,0,255,17,0.07,0.08,0,0,1,1,0,0,dos
0,20,334,0,0,0,0,0,0,0,2,2,0,0,0,0,0.5,1,1,6,24,0.83,0.33,1,0.12,0,0,0,0,r2l
1,22,0,0,0,0,0,0,0,0,84,3,0.77,0.67,0.23,0.33,0.04,0.37,0,255,3,0.01,0.12,0.33,0,0.25,0.67,0.07,0.33,probe
20,20,242,774,4,0,0,0,0,0,1,1,0,0,0,0,1,0,0,255,50,0.2,0.02,0,0,0,0,0,0,normal
0,15,8,0,0,0,0,0,0,0,1,10,0,0,0,0,1,0,1,3,207,1,0,1,0.25,0,0,0,0,probe
0,25,358,11355,0,0,0,0,0,0,5,6,0,0,0,0,1,0,0.33,255,255,1,0,0,0,0,0,0,0,normal
0,50,0,0,0,0,0,0,0,0,123,2,1,1,0,0,0.02,0.07,0,255,7,0.03,0.06,0,0,1,1,0,0,dos
0,50,0,0,0,0,0,0,0,0,259,10,1,1,0,0,0.04,0.05,0,200,10,0.05,0.06,0,0,0.93,1,0,0,dos
0,56,0,0,0,0,0,0,0,0,66,13,0,0,1,1,0.2,0.08,0,255,12,0.05,0.08,0,0,0,0,1,1,dos
0,25,0,0,0,0,0,0,0,0,1,1,0,0,1,1,1,0,0,55,255,1,0,0.02,0.11,0,0,1,0.79,normal
0,16,520,0,0,0,0,0,0,0,468,468,0,0,0,0,1,0,0,17,17,1,0,1,0,0,0,0,0,dos
0,50,0,0,0,0,0,0,0,0,126,16,0.99,1,0,0,0.13,0.08,0,255,16,0.06,0.07,0,0,1,1,0,0,dos
0,12,44,44,0,0,0,0,0,0,217,217,0,0,0,0,1,0,0,255,250,0.98,0.01,0,0,0,0,0,0,normal
0,9,0,0,0,0,0,0,0,0,260,12,1,1,0,0,0.05,0.06,0,255,9,0.04,0.07,0,0,1,1,0,0,dos
0,50,1,0,0,0,0,0,0,0,17,1,0,0,0,0,0.06,0.18,0,255,1,0,0.84,0.18,0,0.03,0,0.79,0,probe
0,12,45,71,0,0,0,0,0,0,205,205,0,0,0,0,1,0.01,0.01,255,254,1,0.01,0,0,0,0,0,0,normal
0,12,43,68,0,0,0,0,0,0,225,226,0,0,0,0,1,0,0.01,255,182,0.71,0.01,0,0,0,0,0,0,normal
0,25,231,265,0,0,0,0,0,0,1,17,0,0,0,0,1,0,0.18,101,255,1,0,0.01,0.03,0,0,0,0,normal
0,25,234,1212,0,0,0,0,0,0,4,4,0,0,0,0,1,0,0,203,255,1,0,0,0.02,0,0,0,0,normal
0,29,0,0,0,0,0,0,0,0,259,4,1,1,0,0,0.02,0.07,0,255,4,0.02,0.09,0,0,1,1,0,0,dos
0,33,0,0,0,0,0,0,0,0,287,15,0,0,1,1,0.05,0.06,0,255,15,0.06,0.07,0,0,0,0,1,1,dos
0,3,0,0,0,0,0,0,0,0,109,6,1,1,0,0,0.06,0.06,0,255,9,0.04,0.07,0,0,1,1,0,0,dos
0,15,8,0,0,0,0,0,0,0,1,41,0,0,0,0,1,0,1,2,129,1,0,1,0.5,0,0,0,0,probe
0,25,259,1542,0,0,0,0,0,0,2,2,0,0,0,0,1,0,0,207,255,1,0,0,0.01,0,0,0,0,normal
8,43,6,0,0,0,0,0,0,0,509,1,0.02,0,0.97,0,0,1,0,255,1,0,1,0,0,0.02,0,0.97,0,probe
0,19,0,0,0,0,0,0,0,0,1,1,0,0,0,0,1,0,0,60,9,0.02,1,0.02,0.22,0,0,0.92,0,probe
0,34,0,0,0,0,0,0,0,0,261,21,1,1,0,0,0.08,0.05,0,255,21,0.08,0.05,0,0,1,1,0,0,dos
7158,45,147,105,0,0,0,0,0,0,6,2,0,0,0,0,0.33,0.5,0,255,2,0.01,0.42,0.93,0,0,0,0,0,normal
0,5,14,37,0,0,0,0,0,0,1,1,0,0,0,0,1,0,0,255,2,0.01,0.69,0,0,0,0,0,0,normal
0,50,1,0,0,0,0,0,0,0,1,1,0,0,0,0,1,0,0,255,1,0,0.23,1,0,0,0,0,0,probe
0,25,0,0,0,0,0,0,0,0,1,1,0,0,1,1,1,0,0,15,117,1,0,0.07,0.03,0,0.01,1,0.57,normal
0,36,0,0,0,0,0,0,0,0,274,20,0,0,1,1,0.07,0.06,0,255,20,0.08,0.07,0,0,0,0,1,1,dos
0,15,8,0,0,0,0,0,0,0,1,39,0,0,0,0,1,0,1,1,42,1,0,1,0.29,0,0,0,0,probe
0,12,44,133,0,0,0,0,0,0,77,159,0,0,0,0,1,0,0.03,255,254,1,0.01,0,0,0,0,0,0,normal
0,25,212,2120,0,0,0,0,0,0,12,12,0,0,0,0,1,0,0,255,255,1,0,0,0,0,0,0,0,normal
0,50,0,0,0,0,0,0,0,0,121,5,1,1,0,0,0.04,0.07,0,255,9,0.04,0.06,0,0,1,1,0,0,dos
0,50,1,0,0,0,0,0,0,0,16,11,0,0,0,0,0.69,0.25,0,255,11,0.04,0.22,1,0,0,0,0,0,probe
0,50,0,0,0,0,0,0,0,0,136,9,1,1,0,0,0.07,0.07,0,255,11,0.04,0.06,0,0,1,1,0,0,dos
0,50,0,0,0,0,0,0,0,0,251,7,1,1,0,0,0.03,0.07,0,255,2,0.01,0.07,0,0,1,1,0,0,dos
0,25,292,313,0,0,0,0,0,0,38,40,0,0,0,0,1,0,0.05,255,255,1,0,0,0,0,0,0,0,normal
297,61,258,1904,0,0,6,0,0,0,1,1,0,0,0,0,1,0,0,115,22,0.19,0.05,0.01,0,0.01,0.05,0.02,0.09,normal
0,25,339,1367,0,0,0,0,0,0,3,3,0,0,0,0,1,0,0,114,255,1,0,0.01,0.05,0,0,0,0,normal
0,12,46,46,0,0,0,0,0,0,212,212,0,0,0,0,1,0,0,255,255,1,0,0,0,0,0,0,0,normal
0,25,235,2698,0,0,0,0,0,1,5,5,0.2,0.2,0,0,1,0,0,255,248,0.97,0.01,0,0,0,0,0,0,normal
0,45,0,0,0,0,0,0,0,0,365,1,0.1,0,0.9,1,0,1,0,255,1,0,1,0,0,0.11,0,0.89,1,probe
0,11,0,0,0,0,0,0,0,0,225,4,1,1,0,0,0.02,0.06,0,255,18,0.07,0.07,0,0,1,1,0,0,dos
0,50,105,105,0,0,0,0,0,0,7,1,0,0,0,0,0.14,0.29,0,255,232,0.91,0.01,0,0,0,0,0,0,normal
30,61,205,3978,0,0,0,0,0,0,1,1,0,0,0,0,1,0,0,63,3,0.05,0.32,0.02,0,0.02,0.33,0,0,normal
16533,45,1,0,0,0,0,0,0,0,2,2,0,0,1,1,1,0,0,255,2,0.01,0.63,1,0,0,0,1,1,probe
0,25,291,709,0,0,0,0,0,0,36,36,0,0,0,0,1,0,0,36,255,1,0,0.03,0.05,0,0,0,0,normal
0,20,4539,0,0,0,0,0,0,0,20,20,0,0,0,0,1,0,0,205,96,0.47,0.03,0.47,0,0,0,0,0,normal
0,50,0,0,0,0,0,0,0,0,146,11,1,1,0,0,0.08,0.05,0,255,2,0.01,0.08,0,0,1,1,0,0,dos
0,50,0,0,0,0,0,0,0,0,252,7,1,1,0,0,0.03,0.06,0,255,14,0.05,0.08,0,0,1,1,0,0,dos
0,15,8,0,0,0,0,0,0,0,1,39,0,0,0,0,1,0,1,1,151,1,0,1,0.5,0,0,0,0,probe
0,15,8,0,0,0,0,0,0,0,1,41,0,0,0,0,1,0,1,1,62,1,0,1,0.52,0,0,0,0,probe
0,33,0,0,0,0,0,0,0,0,148,19,1,1,0,0,0.13,0.05,0,255,4,0.02,0.07,0,0,1,1,0,0,dos
0,25,205,1931,0,0,0,0,0,0,21,21,0,0,0,0,1,0,0,21,255,1,0,0.05,0.01,0,0,0,0,normal
0,25,430,10389,0,0,0,0,0,0,3,3,0,0,0,0,1,0,0,255,255,1,0,0,0,0,0,0,0,normal
21967,50,1,0,0,0,0,0,0,0,2,2,0,0,1,1,1,0,0,255,2,0.01,0.73,1,0,0,0,1,1,probe
0,60,0,0,0,0,0,0,0,0,200,8,1,1,0,0,0.04,0.06,0,255,15,0.06,0.05,0,0,1,1,0,0,dos
0,25,251,272,0,0,0,0,0,0,2,2,0,0,0,0,1,0,0,255,249,0.98,0.01,0,0,0,0,0,0,normal
0,67,0,0,0,0,0,0,0,0,246,6,0,0,1,1,0.02,0.07,0,255,6,0.02,0.07,0,0,0,0,1,1,dos
0,29,0,0,0,0,0,0,0,0,195,1,1,1,0,0,0.01,0.06,0,255,1,0,0.05,0,0,1,1,0,0,dos
0,16,520,0,0,0,0,0,0,0,486,486,0,0,0,0,1,0,0,141,141,1,0,1,0,0,0,0,0,dos
0,15,8,0,0,0,0,0,0,0,1,7,0,0,0,0,1,0,1,1,101,1,0,1,0.5,0,0,0,0,probe
0,25,272,11744,0,0,0,0,0,0,1,1,0,0,0,0,1,0,0,255,255,1,0,0,0,0.01,0.01,0,0,normal
0,50,0,0,0,0,0,0,0,0,65,11,1,1,0,0,0.17,0.09,0,255,11,0.04,0.07,0,0,1,1,0,0,dos
1,50,0,0,0,0,0,0,0,0,69,2,0,0,1,1,0.03,0.54,0,239,2,0.01,0.16,0.29,0,0.01,0,0.49,1,probe
0,50,0,0,0,0,0,0,0,0,74,14,1,1,0,0,0.19,0.05,0,255,13,0.05,0.08,0,0,1,1,0,0,dos
0,15,18,0,0,0,0,0,0,0,1,1,0,0,0,0,1,0,0,1,123,1,0,1,1,0,0,0,0,probe
2,55,1299,329,0,0,0,0,0,0,1,3,0,0,0,0,1,0,1,18,17,0.94,0.11,0.06,0,0,0,0,0,normal
31809,50,1,0,0,0,0,0,0,0,2,2,0,0,1,1,1,0,0,255,2,0.01,0.82,1,0,0,0,1,1,probe
0,25,218,670,0,0,0,0,0,0,10,10,0,0,0,0,1,0,0,255,255,1,0,0,0,0,0,0,0,normal
0,55,1504,332,0,0,0,0,0,0,1,1,0,0,0,0,1,0,0,119,104,0.63,0.04,0.01,0.02,0,0,0,0,normal
0,25,284,2358,0,0,0,0,0,0,1,19,0,0,0,0,1,0,0.16,6,255,1,0,0.17,0.02,0,0,0,0,normal
0,12,45,137,0,0,0,0,0,0,75,155,0,0,0,0,1,0,0.01,255,255,1,0,0,0,0,0,0,0,normal
1228,45,147,105,0,0,0,0,0,0,1,1,0,0,0,0,1,0,0,255,2,0.01,0.65,0.91,0,0,0,0,0,normal
0,37,0,0,0,0,0,0,0,0,84,16,1,1,0,0,0.19,0.07,0,255,16,0.06,0.05,0,0,1,1,0,0,dos
0,12,44,128,0,0,0,0,0,0,65,145,0,0,0,0,1,0,0.01,255,254,1,0.01,0,0,0,0,0,0,normal
0,31,0,0,0,0,0,0,0,0,100,14,1,1,0,0,0.14,0.07,0,255,14,0.05,0.06,0,0,1,1,0,0,dos
0,66,71,0,0,0,0,0,0,0,6,1,0,0,0,0,0.17,0.33,0,255,1,0,0.01,0,0,0,0,0,0,normal
0,12,45,98,0,0,0,0,0,0,10,10,0,0,0,0,1,0,0,72,89,0.75,0.03,0.75,0.02,0.01,0,0.19,0,normal
0,25,232,2012,0,0,0,0,0,0,14,14,0,0,0,0,1,0,0,73,255,1,0,0.01,0.03,0,0,0,0,normal
0,25,0,0,0,0,0,0,0,0,67,20,1,1,0,0,0.3,0.06,0,149,40,0.27,0.03,0.01,0,0.99,1,0,0,dos
0,25,304,3222,0,0,0,0,0,0,4,4,0,0,0,0,1,0,0,255,227,0.89,0.02,0,0,0,0,0,0,normal
0,25,228,31614,0,0,0,0,0,0,1,1,0,0,0,0,1,0,0,254,255,1,0,0,0.01,0,0,0,0,normal
0,50,0,0,0,0,0,0,0,0,102,2,0,0,1,1,0.02,0.07,0,255,22,0.09,0.07,0,0,0,0,1,1,dos
0,50,0,0,0,0,0,0,0,0,28,22,1,1,0,0,0.79,0.07,0,255,22,0.09,0.06,0,0,1,1,0,0,dos
0,64,0,0,0,0,0,0,0,0,226,4,1,1,0,0,0.02,0.06,0,255,13,0.05,0.06,0,0,1,1,0,0,dos
0,50,0,0,0,0,0,0,0,0,288,10,1,1,0,0,0.03,0.06,0,255,4,0.02,0.08,0,0,1,1,0,0,dos
10,50,105,146,0,0,0,0,0,0,2,2,0,0,0,0,1,0,0,14,12,0.86,0.21,0.21,0,0,0,0,0,normal
0,6,0,0,0,0,0,0,0,0,271,6,1,1,0,0,0.02,0.05,0,255,6,0.02,0.05,0,0,1,1,0,0,dos
0,50,0,0,0,0,0,0,0,0,137,1,1,1,0,0,0.01,0.06,0,255,6,0.02,0.06,0,0,1,1,0,0,dos
0,50,0,0,0,0,0,0,0,0,78,1,1,1,0,0,0.01,0.08,0,255,14,0.05,0.07,0,0,1,1,0,0,dos
0,70,0,0,0,0,0,0,0,0,257,2,1,1,0,0,0.01,0.06,0,255,2,0.01,0.06,0,0,1,1,0,0,dos
0,25,249,2093,0,0,0,0,0,0,1,18,0,0,0,0,1,0,0.11,14,255,1,0,0.07,0.04,0,0,0,0,normal
0,25,317,856,0,0,0,0,0,0,9,9,0,0,0,0,1,0,0,220,255,1,0,0,0.02,0,0,0,0,normal
0,50,0,0,0,0,0,0,0,0,109,7,0,0,1,1,0.06,0.08,0,255,7,0.03,0.08,0,0,0,0,1,1,dos
0,25,326,420,0,0,0,0,0,0,3,10,0,0,0,0,1,0,0.3,255,255,1,0,0,0,0,0,0,0,normal
0,50,0,0,0,0,0,0,0,0,127,19,1,1,0,0,0.15,0.05,0,255,19,0.07,0.05,0,0,1,1,0,0,dos
0,58,0,0,0,0,0,0,0,0,134,5,1,1,0,0,0.04,0.06,0,255,5,0.02,0.06,0,0,1,1,0,0,dos
0,25,224,1783,0,0,0,0,0,0,2,2,0,0,0,0,1,0,0,22,255,1,0,0.05,0.05,0,0,0,0,normal
0,25,0,0,0,0,0,0,0,0,1,1,0,0,1,1,1,0,0,8,231,1,0,0.12,0.09,0,0,1,0.67,normal
0,30,0,0,0,0,0,0,0,0,241,10,1,1,0,0,0.04,0.06,0,255,10,0.04,0.06,0,0,1,1,0,0,dos
26768,50,1,0,0,0,0,0,0,0,2,2,0,0,1,1,1,0,0,255,2,0.01,0.74,1,0,0,0,1,1,probe
0,25,415,704,0,0,0,0,0,0,1,2,0,0,0,0,1,0,1,255,255,1,0,0,0,0,0,0,0,normal
0,50,0,0,0,0,0,0,0,0,1,1,1,1,0,0,1,0,0,200,1,0,0.95,0.96,0,0.96,1,0,0,probe
0,25,196,251,0,0,0,0,0,0,8,8,0,0,0,0,1,0,0,20,255,1,0,0.05,0.03,0,0,0,0,normal
9,55,1686,488,0,0,0,0,0,0,1,1,0,0,0,0,1,0,0,255,45,0.18,0.02,0,0,0.74,0,0,0,normal
0,50,105,0,0,0,0,0,0,0,1,1,0,0,0,0,1,0,0,40,4,0.1,0.05,0.03,0,0,0,0,0,normal
0,25,267,3403,0,0,0,0,0,0,10,10,0,0,0,0,1,0,0,24,255,1,0,0.04,0.04,0,0.01,0,0,normal
0,50,28,0,0,0,0,0,0,0,97,95,0.01,0,0.01,0,0.98,0.03,0,255,95,0.37,0.02,0.37,0,0,0,0.47,0,dos
3779,45,145,105,0,0,0,0,0,0,11,1,0,0,0,0,0.09,0.18,0,255,3,0.01,0.58,0.85,0,0,0,0,0,normal
0,15,8,0,0,0,0,0,0,0,1,19,0,0,0,0,1,0,1,1,139,1,0,1,0.5,0,0,0,0,probe
0,25,372,12818,0,0,0,0,0,0,6,7,0.17,0.14,0,0,1,0,0.29,136,255,1,0,0.01,0.03,0.01,0,0,0,normal
0,55,1009,327,0,0,0,0,0,0,1,2,0,0,0,0,1,0,1,192,166,0.67,0.03,0.01,0.01,0,0,0,0,normal
0,18,0,0,0,0,0,0,0,0,144,14,1,1,0,0,0.1,0.06,0,255,17,0.07,0.07,0,0,1,1,0,0,dos
0,11,0,0,0,0,0,0,0,0,268,9,1,1,0,0,0.03,0.06,0,255,9,0.04,0.07,0,0,1,1,0,0,dos
0,25,347,4960,0,0,0,0,0,0,12,26,0,0,0,0,1,0,0.08,255,255,1,0,0,0,0,0,0,0,normal
0,50,0,0,0,0,0,0,0,0,278,4,1,1,0,0,0.01,0.06,0,255,3,0.01,0.08,0,0,1,1,0,0,dos
0,45,516,4,0,0,0,0,0,0,337,337,0,0,0,0,1,0,0,255,255,1,0,1,0,0,0,0,0,normal
0,50,0,0,0,0,0,0,0,0,250,5,1,1,0,0,0.02,0.06,0,255,10,0.04,0.08,0,0,1,1,0,0,dos
5682,45,147,105,0,0,0,0,0,0,1,1,0,0,0,0,1,0,0,255,1,0,0.68,0.98,0,0,0,0,0,normal
0,25,293,2325,0,0,0,0,0,0,10,11,0,0,0,0,1,0,0.18,239,255,1,0,0,0.01,0,0,0,0,normal
39438,56,1,0,0,0,0,0,0,0,2,2,0,0,1,1,1,0,0,255,2,0.01,0.5,1,0,0,0,1,1,probe
0,70,0,0,0,0,0,0,0,0,254,4,1,1,0,0,0.02,0.07,0,255,4,0.02,0.07,0,0,1,1,0,0,dos
0,16,1032,0,0,0,0,0,0,0,509,508,0,0,0,0,1,0,0,255,178,0.7,0.16,0.7,0,0,0,0,0,dos
1,20,6,54,0,0,0,0,0,0,6,1,0,0,0.33,0,0.17,1,0,111,1,0.01,0.08,0.01,0,0,0,0.02,0,probe
0,36,0,0,0,0,0,0,0,0,261,16,1,1,0,0,0.06,0.06,0,255,5,0.02,0.07,0,0,1,1,0,0,dos
0,25,289,2920,0,0,0,0,0,0,3,3,0.33,0.33,0,0,1,0,0,25,255,1,0,0.04,0.05,0.04,0,0,0,normal
0,25,219,6912,0,0,0,0,0,0,36,36,0,0,0,0,1,0,0,255,255,1,0,0,0,0,0,0,0,normal
0,12,44,131,0,0,0,0,0,0,151,231,0,0,0,0,1,0,0.01,255,255,1,0,0,0,0,0,0,0,normal
0,16,1032,0,0,0,0,0,0,0,511,511,0,0,0,0,1,0,0,255,154,0.6,0.17,0.6,0,0,0,0,0,dos
0,12,43,43,0,0,0,0,0,0,146,225,0,0,0,0,1,0,0.01,255,211,0.83,0.01,0.01,0,0,0,0,0,normal
0,20,0,0,0,0,0,0,0,0,242,6,0,0,1,1,0.02,0.07,0,255,6,0.02,0.07,0,0,0,0,1,1,dos
2,55,2526,372,0,0,0,0,0,0,1,1,0,0,0,0,1,0,0,255,117,0.46,0.02,0,0,0,0.01,0,0,normal
0,25,237,302,0,0,0,0,0,0,3,3,0,0,0,0,1,0,0,8,255,1,0,0.12,0.07,0,0,0,0,normal
0,16,520,0,0,0,0,0,0,0,367,367,0,0,0,0,1,0,0,255,255,1,0,1,0,0,0,0,0,dos
0,45,0,0,0,0,0,0,0,0,250,20,1,1,0,0,0.08,0.06,0,255,20,0.08,0.07,0,0,1,1,0,0,dos
0,25,244,6068,0,0,0,0,0,0,23,23,0,0,0,0,1,0,0,255,255,1,0,0,0,0,0,0,0,normal
1,50,0,0,0,0,0,0,0,0,25,2,0,0,1,1,0.08,0.52,0,195,2,0.01,0.08,0.13,0,0.01,0,0.38,1,probe
0,25,267,23875,0,0,0,0,0,0,1,12,0,0,0,0,1,0,0.17,211,247,1,0,0,0.04,0,0,0,0,normal
0,20,0,0,0,0,0,0,0,0,220,1,1,1,0,0,0,0.07,0,255,1,0,0.07,0,0,1,1,0,0,dos
0,61,0,0,0,0,0,0,0,0,61,15,1,1,0,0,0.25,0.07,0,223,57,0.26,0.02,0.01,0,0.99,0.96,0,0,dos
0,35,0,0,0,0,0,0,0,0,138,15,1,1,0,0,0.11,0.07,0,255,15,0.06,0.06,0,0,1,1,0,0,dos
0,25,248,4196,0,0,0,0,0,0,3,5,0,0,0,0,1,0,0.6,132,255,1,0,0.01,0.04,0,0,0,0,normal
0,25,0,0,0,0,0,0,0,0,1,2,0,0,1,0.5,1,0,1,1,255,1,0,1,0.25,0,0,1,0.95,normal
0,25,216,292,0,0,0,0,0,0,10,30,0,0,0,0,1,0,0.17,59,255,1,0,0.02,0.01,0.02,0.01,0,0,normal
0,25,175,488,0,0,0,0,0,0,13,13,0,0,0,0,1,0,0,22,255,1,0,0.05,0.04,0,0,0,0,normal
12,20,7045,0,0,0,0,0,0,0,2,2,0,0,0,0,1,0,0,2,46,1,0,1,0.04,0,0.02,0,0,r2l
0,35,0,0,0,0,0,0,0,0,144,20,1,1,0,0,0.14,0.06,0,255,20,0.08,0.06,0,0,1,1,0,0,dos
0,15,30,0,0,0,0,0,0,0,1,1,0,0,0,0,1,0,0,4,91,1,0,1,0.49,0,0,0,0,normal
2708,45,146,105,0,0,0,0,0,0,1,1,0,0,0,0,1,0,0,255,3,0.01,0.62,0.95,0,0,0,0,0,normal
0,25,256,397,0,0,0,0,0,0,5,5,0,0,0,0,1,0,0,78,255,1,0,0.01,0.02,0,0,0,0,normal
0,50,0,0,0,0,0,0,0,0,107,10,1,1,0,0,0.09,0.06,0,255,14,0.05,0.07,0,0,1,1,0,0,dos
2,55,1243,366,0,0,0,0,0,0,1,1,0,0,0,0,1,0,0,163,115,0.71,0.02,0.01,0,0,0,0,0,normal
1,55,2850,329,0,0,0,0,0,0,1,3,0,0,0,0,1,0,1,23,22,0.96,0.09,0.04,0,0,0,0,0,normal
3,55,204921,380,0,0,0,0,0,0,1,1,0,0,0,0,1,0,0,71,189,0.8,0.06,0.01,0.01,0,0,0,0,normal
0,50,0,0,0,0,0,0,0,0,133,5,1,1,0,0,0.04,0.06,0,255,14,0.05,0.07,0,0,1,1,0,0,dos
0,25,308,3222,0,0,0,0,0,0,3,3,0,0,0,0,1,0,0,255,237,0.93,0.01,0,0,0,0,0,0,normal
0,12,46,46,0,0,0,0,0,0,151,151,0,0,0,0,1,0,0,255,255,1,0,0,0,0,0,0,0,normal
0,17,0,0,0,0,0,0,0,0,116,19,0,0,1,1,0.16,0.06,0,255,19,0.07,0.06,0,0,0,0,1,1,dos
0,22,0,0,0,0,0,0,0,0,149,25,1,1,0,0,0.17,0.05,0,255,10,0.04,0.05,0,0,1,1,0,0,dos
0,25,202,297,0,0,0,0,0,0,7,8,0,0,0,0,1,0,0.25,45,255,1,0,0.02,0.05,0,0,0,0,normal
0,61,0,0,0,0,0,0,0,0,22,2,1,1,0,0,0.09,0.09,0,44,6,0.09,0.07,0.07,0.33,0.95,0.33,0,0,dos
0,25,336,0,0,0,0,0,0,0,5,5,0.4,0.4,0,0,1,0,0,137,255,1,0,0.01,0.04,0.01,0.01,0.12,0.08,normal
0,25,0,0,0,0,0,0,0,0,1,2,0,0,1,0.5,1,0,1,8,255,1,0,0.12,0.13,0,0,1,0.99,normal
0,31,0,0,0,0,0,0,0,0,148,12,1,1,0,0,0.08,0.05,0,255,1,0,0.07,0,0,1,1,0,0,dos
0,20,6932,0,0,0,0,0,0,0,2,2,0,0,0,0,1,0,0,150,59,0.27,0.05,0.22,0.03,0,0,0.01,0,normal
0,7,0,0,0,0,0,0,0,0,115,3,1,1,0,0,0.03,0.07,0,255,4,0.02,0.07,0,0,1,1,0,0,dos
0,55,1025,333,0,0,0,0,0,0,1,1,0,0,0,0,1,0,0,9,200,0.89,0.22,0.11,0.01,0,0,0,0,normal
0,19,0,0,0,0,0,0,0,0,228,7,1,1,0,0,0.03,0.07,0,255,7,0.03,0.08,0,0,1,1,0,0,dos
0,25,290,863,0,0,0,0,0,0,8,8,0,0,0,0,1,0,0,8,248,1,0,0.12,0.03,0,0,0,0,normal
0,25,180,175,0,0,0,0,0,0,1,1,0,0,0,0,1,0,0,26,255,1,0,0.04,0.06,0,0,0,0,normal
0,12,44,44,0,0,0,0,0,0,111,111,0,0,0,0,1,0,0,255,245,0.96,0.01,0.01,0,0,0,0,0,normal
0,50,0,0,0,0,0,0,0,0,100,7,0,0,1,1,0.07,0.07,0,255,7,0.03,0.06,0,0,0,0,1,1,dos
27,20,1473,4152,30,0,0,0,0,0,1,1,0,0,0,0,1,0,0,110,25,0.23,0.05,0.01,0,0,0,0.03,0.04,normal
13564,1,3089,9102,0,0,0,0,0,0,1,1,0,0,1,1,1,0,0,129,16,0.12,0.02,0.01,0,0,0,0.09,0.69,normal
0,48,0,0,0,0,0,0,0,0,232,17,0,0,1,1,0.07,0.06,0,255,17,0.07,0.07,0,0,0,0,1,1,dos
0,55,1682,328,0,0,0,0,0,0,1,1,0,0,0,0,1,0,0,26,207,1,0,0.04,0.01,0,0,0,0,normal
0,12,43,76,0,0,0,0,0,0,295,295,0,0,0,0,1,0,0,255,254,1,0.01,0,0,0,0,0,0,normal
0,55,11600,1431,0,0,0,0,0,0,1,1,0,0,0,0,1,0,0,196,178,0.69,0.02,0.01,0.01,0,0,0,0,normal
0,25,198,3487,0,0,0,0,0,0,2,3,0,0,0,0,1,0,0.67,43,255,1,0,0.02,0.06,0,0,0,0,normal
0,25,296,14299,0,0,0,0,0,0,2,2,0,0,0,0,1,0,0,23,255,1,0,0.04,0.04,0,0,0,0,normal
8359,45,145,105,0,0,0,0,0,0,1,1,0,0,0,0,1,0,0,255,1,0,0.62,0.93,0,0,0,0,0,normal
0,25,179,273545,0,0,0,0,0,0,2,1,0.5,1,0,0,0.5,1,0,255,218,0.85,0.04,0,0,0.02,0.01,0,0,normal
0,20,151,0,0,0,0,0,0,0,1,1,0,0,0,0,1,0,0,11,77,0.82,0.18,0.82,0.03,0,0,0,0,normal
0,50,0,0,0,0,0,0,0,0,221,20,1,1,0,0,0.09,0.05,0,255,20,0.08,0.07,0,0,1,1,0,0,dos
0,50,0,0,0,0,0,0,0,0,500,1,0.06,0,0.93,1,0,1,0,255,1,0,1,0,0,0.08,0,0.91,1,probe
0,30,0,0,0,0,0,0,0,0,225,11,1,1,0,0,0.05,0.07,0,255,5,0.02,0.09,0,0,1,1,0,0,dos
0,25,199,30328,0,0,0,0,0,0,2,2,0,0,0,0,1,0,0,255,255,1,0,0,0,0,0,0,0,normal
0,25,253,745,0,0,0,0,0,0,1,2,0,0,0,0,1,0,1,114,255,1,0,0.01,0.01,0,0,0,0,normal
0,25,54540,8314,2,0,1,0,0,0,5,5,0,0,0.6,0.6,1,0,0,255,255,1,0,0,0,0,0,0.04,0.04,dos
0,55,1323,332,0,0,0,0,0,0,1,2,0,0,0,0,1,0,1,209,151,0.62,0.02,0,0.01,0,0,0,0,normal
0,25,252,913,0,0,0,0,0,0,14,14,0,0,0,0,1,0,0,123,255,1,0,0.01,0.02,0,0,0,0,normal
0,15,8,0,0,0,0,0,0,0,1,44,0,0,0,0,1,0,1,4,212,1,0,1,0.25,0,0,0,0,probe
0,25,321,22780,0,0,0,0,0,0,12,13,0,0,0,0,1,0,0.15,255,255,1,0,0,0,0,0,0,0,normal
0,12,91,0,0,0,0,0,0,0,1,1,0,0,0,0,1,0,0,135,97,0.72,0.01,0.72,0,0,0,0,0,normal
0,25,243,821,0,0,0,0,0,0,15,19,0,0,0,0,1,0,0.11,107,255,1,0,0.01,0.01,0,0,0,0,normal
0,15,8,0,0,0,0,0,0,0,1,42,0,0,0,0,1,0,1,1,17,1,0,1,0.53,0,0,0,0,probe
0,25,167,3370,0,0,0,0,0,0,1,1,0,0,0,0,1,0,0,35,255,1,0,0.03,0.05,0,0,0,0,normal
0,20,0,0,0,0,0,0,0,0,221,11,0,0,1,1,0.05,0.07,0,255,11,0.04,0.08,0,0,0,0,1,1,dos
0,50,0,0,0,0,0,0,0,0,261,8,1,1,0,0,0.03,0.06,0,255,12,0.05,0.07,0,0,1,1,0,0,dos
0,3,0,0,0,0,0,0,0,0,252,21,1,1,0,0,0.08,0.05,0,255,21,0.08,0.05,0,0,1,1,0,0,dos
0,25,208,885,0,0,0,0,0,0,11,15,0,0,0,0,1,0,0.2,255,255,1,0,0,0,0.01,0.01,0,0,normal
0,25,247,365,0,0,0,0,0,0,14,16,0,0,0,0,1,0,0.19,255,255,1,0,0,0,0,0,0,0,normal
0,50,0,0,0,0,0,0,0,0,107,6,1,1,0,0,0.06,0.07,0,160,15,0.09,0.1,0.01,0,1,1,0,0,dos
0,50,0,0,0,0,0,0,0,0,298,20,1,1,0,0,0.07,0.06,0,255,20,0.08,0.06,0,0,1,1,0,0,dos
0,33,0,0,0,0,0,0,0,0,269,24,1,1,0,0,0.09,0.05,0,255,24,0.09,0.05,0,0,1,1,0,0,dos
0,12,44,126,0,0,0,0,0,0,122,122,0,0,0,0,1,0,0,210,177,0.84,0.01,0,0,0,0,0,0,normal
0,15,8,0,0,0,0,0,0,0,1,5,0,0,0,0,1,0,1,1,37,1,0,1,0.51,0,0,0,0,probe
10,48,2326,231052,0,0,0,0,0,0,1,1,0,0,0,0,1,0,0,1,1,1,0,1,0,0,0,0,0,normal
0,15,8,0,0,0,0,0,0,0,1,47,0,0,0,0,1,0,1,2,240,1,0,1,0.5,0,0,0,0,probe
0,29,0,0,0,0,0,0,0,0,223,2,0,0,1,1,0.01,0.06,0,255,2,0.01,0.07,0,0,0,0,1,1,dos
0,34,0,0,0,0,0,0,0,0,220,11,0,0,1,1,0.05,0.06,0,255,11,0.04,0.08,0,0,0,0,1,1,dos
0,55,667,332,0,0,0,0,0,0,1,4,0,0,0,0,1,0,0.75,122,104,0.43,0.05,0.01,0.02,0.01,0.01,0.01,0,normal
0,50,28,0,0,0,0,0,0,0,59,59,0,0,0,0,1,0,0,255,159,0.62,0.38,0.62,0,0.09,0,0.29,0,dos
0,61,0,0,0,0,0,0,0,0,99,25,1,1,0,0,0.25,0.05,0,255,1,0,0.05,0,0,1,1,0,0,dos
6381,1,863,9618,0,0,0,0,0,0,1,1,0,0,1,1,1,0,0,22,5,0.23,0.14,0.05,0,0,0,0.23,1,normal
0,16,520,0,0,0,0,0,0,0,212,212,0,0,0,0,1,0,0,255,255,1,0,1,0,0,0,0,0,dos
0,16,1032,0,0,0,0,0,0,0,511,511,0,0,0,0,1,0,0,244,99,0.41,0.01,0.41,0,0,0,0,0,dos
0,50,28,0,0,0,0,0,0,0,16,16,0,0,0,0,1,0,0,88,16,0.18,0.05,0.18,0,0,0,0,0,dos
0,25,224,16904,0,0,0,0,0,0,32,32,0,0,0,0,1,0,0,255,255,1,0,0,0,0,0,0,0,normal
0,20,3775,0,0,0,0,0,0,0,20,20,0,0,0,0,1,0,0,167,130,0.55,0.02,0.55,0.02,0,0,0,0,normal
1,55,977,326,0,0,0,0,0,0,1,2,0,0,0,0,1,0,1,255,203,0.8,0.02,0,0,0,0,0,0,normal
0,50,0,0,0,0,0,0,0,0,147,17,0,0,1,1,0.12,0.05,0,255,36,0.14,0.05,0,0,0,0,1,1,dos
113,61,6274,16771,5,0,2,0,0,0,1,1,0,0,0,0,1,0,0,1,1,1,0,1,0,0,0,0,0,u2r
0,17,0,0,0,0,0,0,0,0,139,18,1,1,0,0,0.13,0.05,0,255,18,0.07,0.05,0,0,1,1,0,0,dos
0,25,311,1576,0,0,0,0,0,0,7,7,0,0,0,0,1,0,0,131,255,1,0,0.01,0.01,0,0,0.01,0,normal
0,12,0,0,0,0,0,0,0,0,293,9,1,1,0,0,0.03,0.05,0,255,9,0.04,0.07,0,0,1,1,0,0,dos
1530,45,146,105,0,0,0,0,0,0,1,1,0,0,0,0,1,0,0,255,1,0,0.63,0.93,0,0,0,0,0,normal
0,64,0,0,0,0,0,0,0,0,226,13,1,1,0,0,0.06,0.07,0,255,13,0.05,0.08,0,0,1,1,0,0,dos
0,25,279,1169,0,0,0,0,0,0,20,27,0,0,0,0,1,0,0.07,42,139,1,0,0.02,0.04,0,0,0,0,normal
0,25,0,0,0,0,0,0,0,0,17,17,0,0,0.76,0.76,1,0,0,36,116,1,0,0.03,0.17,0,0,0.89,0.97,normal
0,50,0,0,0,0,0,0,0,0,117,11,1,1,0,0,0.09,0.06,0,255,31,0.12,0.05,0,0,1,1,0,0,dos
0,3,0,0,0,0,0,0,0,0,293,21,1,1,0,0,0.07,0.05,0,255,21,0.08,0.05,0,0,1,1,0,0,dos
0,25,232,3120,0,0,0,0,0,0,15,15,0,0,0,0,1,0,0,41,255,1,0,0.02,0.03,0,0,0,0,normal
0,50,0,0,0,0,0,0,0,0,171,4,1,1,0,0,0.02,0.06,0,255,4,0.02,0.05,0,0,1,1,0,0,dos
0,38,0,0,0,0,0,0,0,0,130,12,0,0,1,1,0.09,0.06,0,255,11,0.04,0.07,0,0,0,0,1,1,dos
0,50,0,0,0,0,0,0,0,0,218,17,1,1,0,0,0.08,0.06,0,255,9,0.04,0.08,0,0,1,1,0,0,dos
0,25,347,362,0,0,0,0,0,0,9,27,0,0,0,0,1,0,0.15,255,255,1,0,0,0,0,0,0,0,normal
0,25,194,17192,0,0,0,0,0,0,1,1,0,0,0,0,1,0,0,26,255,1,0,0.04,0.07,0.04,0.01,0,0,normal
0,16,1032,0,0,0,0,0,0,0,511,511,0,0,0,0,1,0,0,255,80,0.31,0.02,0.31,0,0.02,0,0,0,dos
0,12,43,76,0,0,0,0,0,0,165,167,0,0,0,0,1,0,0.01,255,228,0.89,0.01,0,0,0,0,0,0,normal
0,25,293,9965,0,0,0,0,0,0,2,6,0,0,0,0,1,0,0.33,240,255,1,0,0,0.02,0,0,0,0,normal
0,50,0,0,0,0,0,0,0,0,125,3,1,1,0,0,0.02,0.07,0,255,20,0.08,0.08,0,0,1,1,0,0,dos
0,25,285,263,0,0,0,0,0,0,21,27,0,0,0,0,1,0,0.11,255,255,1,0,0,0,0,0,0,0,normal
0,25,335,4898,0,0,0,0,0,0,5,5,0,0,0,0,1,0,0,32,255,1,0,0.03,0.01,0,0,0,0,normal
0,20,748,0,0,0,0,0,0,0,1,1,0,0,0,0,1,0,0,143,33,0.2,0.03,0.2,0.06,0,0,0,0,normal
0,55,0,0,0,0,0,0,0,0,239,13,1,1,0,0,0.05,0.05,0,255,13,0.05,0.06,0,0,1,1,0,0,dos
0,25,255,310,0,0,0,0,0,0,12,17,0,0,0,0,1,0,0.18,255,255,1,0,0,0,0,0,0,0,normal
0,50,0,0,0,0,0,0,0,0,136,16,1,1,0,0,0.12,0.05,0,255,2,0.01,0.06,0,0,1,1,0,0,dos
0,55,1181,436,0,0,0,0,0,0,1,1,0,0,0,0,1,0,0,84,146,0.4,0.05,0.01,0.01,0,0,0.02,0,normal
0,25,225,3876,0,0,0,0,0,0,4,21,0,0,0,0,1,0,0.14,180,255,1,0,0.01,0.02,0.01,0.01,0,0,normal
0,25,289,7525,0,0,0,0,0,0,19,29,0,0,0,0,1,0,0.07,255,255,1,0,0,0,0.01,0.01,0,0,normal
0,50,0,0,0,0,0,0,0,0,107,7,0,0,1,1,0.07,0.06,0,255,7,0.03,0.05,0,0,0,0,1,1,dos
0,25,221,511,0,0,0,0,0,0,19,48,0,0,0,0,1,0,0.15,255,255,1,0,0,0,0,0,0,0,normal
0,20,0,0,0,0,0,0,0,0,65,14,0.97,1,0.03,0,0.22,0.09,0,255,34,0.13,0.04,0.01,0,1,1,0,0,dos
0,25,224,832,0,0,0,0,0,0,34,34,0,0,0,0,1,0,0,255,255,1,0,0,0,0,0,0,0,normal
0,24,0,0,0,0,0,0,0,0,299,20,1,1,0,0,0.07,0.06,0,255,4,0.02,0.08,0,0,1,1,0,0,dos
0,20,12324,0,0,0,0,0,0,1,2,2,0,0,0,0,1,0,0,61,75,0.1,0.05,0.1,0.04,0.03,0,0.8,0,normal
0,25,193,383,0,0,0,0,0,0,26,26,0,0,0,0,1,0,0,26,255,1,0,0.04,0.03,0,0,0,0,normal
0,61,0,0,0,0,0,0,0,0,38,9,1,1,0,0,0.24,0.11,0,255,50,0.2,0.05,0.01,0,1,1,0,0,dos
0,50,1,0,0,0,0,0,0,0,23,8,0,0,0,0,0.35,0.13,0,255,15,0.06,0.81,0.21,0,0.03,0,0.76,0,probe
0,12,43,136,0,0,0,0,0,0,5,14,0,0,0,0,1,0,0.14,255,255,1,0,0,0,0,0,0,0,normal
0,25,220,8258,0,0,0,0,0,0,5,8,0,0,0,0,1,0,0.25,255,255,1,0,0,0,0,0,0,0,normal
0,56,0,0,0,0,0,0,0,0,13,5,1,1,0,0,0.38,0.23,0,255,5,0.02,0.08,0,0,1,1,0,0,dos
0,20,0,0,0,0,0,0,0,0,222,23,1,1,0,0,0.1,0.06,0,255,23,0.09,0.06,0,0,1,1,0,0,dos
0,15,18,0,0,0,0,0,0,0,1,1,0,0,0,0,1,0,0,2,80,0.5,1,0.5,1,0,0,0,0,probe
0,25,214,480,0,0,0,0,0,0,12,18,0,0,0,0,1,0,0.17,255,255,1,0,0.01,0,0,0,0,0,normal
0,12,46,75,0,0,0,0,0,0,260,260,0,0,0,0,1,0,0,255,254,1,0.01,0,0,0,0,0,0,normal
1,55,1737,441,0,0,0,0,0,0,1,1,0,0,0,0,1,0,0,19,178,0.95,0.11,0.05,0.02,0,0,0,0,normal
0,25,276,2543,0,0,0,0,0,0,20,20,0,0,0,0,1,0,0,255,255,1,0,0,0,0,0,0.04,0.04,normal
0,25,334,617,0,0,0,0,0,0,15,24,0,0,0,0,1,0,0.08,255,255,1,0,0,0,0,0,0,0,normal
0,25,283,1366,0,0,0,0,0,0,25,27,0,0,0,0,1,0,0.11,94,255,1,0,0.01,0.03,0,0,0,0,normal
0,55,1094,335,0,0,0,0,0,0,2,1,0,0,0,0,0.5,1,0,52,175,0.69,0.08,0.02,0.01,0,0,0,0,normal
0,31,0,0,0,0,0,0,0,0,99,17,1,1,0,0,0.17,0.05,0,255,17,0.07,0.05,0,0,1,1,0,0,dos
0,17,0,0,0,0,0,0,0,0,128,22,1,1,0,0,0.17,0.05,0,255,22,0.09,0.06,0,0,1,1,0,0,dos
0,16,1032,0,0,0,0,0,0,0,510,510,0,0,0,0,1,0,0,255,154,0.6,0.03,0.6,0,0,0,0,0,dos
0,25,326,276,0,0,0,0,0,0,5,5,0,0,0,0,1,0,0,255,247,0.97,0.01,0,0,0,0,0.01,0.01,normal
0,55,1288,388,0,0,0,0,0,0,1,1,0,0,0,0,1,0,0,255,1,0,0.02,0,0,1,0,0,0,normal
0,25,301,480,0,0,0,0,0,0,19,19,0,0,0,0,1,0,0,255,255,1,0,0,0,0,0,0,0,normal
0,15,8,0,0,0,0,0,0,0,1,16,0,0,0,0,1,0,1,2,86,1,0,1,0.5,0,0,0,0,probe
0,50,0,0,0,0,0,0,0,0,28,4,1,1,0,0,0.14,0.21,0,255,12,0.05,0.08,0,0,1,1,0,0,dos
0,25,202,1032,0,0,0,0,0,0,2,3,0,0,0,0,1,0,0.67,14,255,1,0,0.07,0.04,0,0,0,0,normal
0,25,361,777,0,0,0,0,0,0,18,19,0,0,0,0,1,0,0.11,255,255,1,0,0,0,0,0,0.01,0.01,normal
0,25,228,4781,0,0,0,0,0,0,12,12,0,0,0,0,1,0,0,255,255,1,0,0,0,0,0,0,0,normal
0,50,0,0,0,0,0,0,0,0,98,2,1,1,0,0,0.02,0.08,0,255,2,0.01,0.07,0,0,1,1,0,0,dos
0,55,926,370,0,0,0,0,0,0,1,4,0,0,0,0,1,0,1,104,216,0.89,0.04,0.01,0.01,0,0,0,0,normal
0,20,245,0,0,0,0,0,0,0,2,2,0,0,0,0,1,0,0,145,41,0.04,0.03,0.04,0.05,0,0,0,0,normal
0,6,0,0,0,0,0,0,0,0,269,14,1,1,0,0,0.05,0.06,0,255,14,0.05,0.08,0,0,1,1,0,0,dos
0,25,341,4291,0,0,0,0,0,0,17,17,0,0,0,0,1,0,0,56,255,1,0,0.02,0.01,0,0,0,0,normal
0,12,45,130,0,0,0,0,0,0,281,281,0,0,0,0,1,0,0,255,251,0.98,0.01,0,0,0,0,0,0,normal
7,45,1766,0,0,0,0,0,0,0,1,1,0,0,0,0,1,0,0,211,1,0,0.04,0.37,0,0,0,0,0,normal
0,50,0,0,0,0,0,0,0,0,281,15,1,1,0,0,0.05,0.06,0,255,5,0.02,0.07,0,0,1,1,0,0,dos
0,20,383,0,0,0,0,0,0,0,1,1,0,0,0,0,1,0,0,29,9,0.31,0.1,0.31,0,0,0,0,0,normal
0,25,0,0,0,0,0,0,0,0,1,2,0,0,1,1,1,0,1,15,255,1,0,0.07,0.22,0,0,1,1,normal
0,25,191,3090,0,0,0,0,0,0,4,4,0,0,0,0,1,0,0,19,255,1,0,0.05,0.08,0,0,0,0,normal
0,16,1032,0,0,0,0,0,0,0,511,511,0,0,0,0,1,0,0,255,138,0.54,0.01,0.54,0,0,0,0,0,dos
0,50,0,0,0,0,0,0,0,0,68,6,0,0,1,1,0.09,0.07,0,255,6,0.02,0.06,0,0,0,0,1,1,dos
0,25,258,1270,0,0,0,0,0,0,27,27,0.04,0.04,0,0,1,0,0,255,255,1,0,0,0,0,0,0,0,normal
0,50,0,0,0,0,0,0,0,0,72,25,1,1,0,0,0.35,0.07,0,255,25,0.1,0.05,0,0,1,1,0,0,dos
0,12,42,42,0,0,0,0,0,0,7,12,0,0,0,0,1,0,0.33,255,244,0.96,0.01,0,0,0,0,0,0,normal
0,15,18,0,0,0,0,0,0,0,1,1,0,0,0,0,1,0,0,3,247,1,0,1,0.25,0,0,0,0,probe
0,15,8,0,0,0,0,0,0,0,1,4,0,0,0,0,1,0,1,2,136,1,0,1,0.5,0,0,0,0,probe
0,50,0,0,0,0,0,0,0,0,206,2,1,1,0,0,0.01,0.07,0,255,14,0.05,0.07,0,0,1,1,0,0,dos
0,16,1032,0,0,0,0,0,0,0,511,511,0,0,0,0,1,0,0,255,56,0.22,0.02,0.22,0,0.02,0,0,0,dos
0,50,1,0,0,0,0,0,0,0,4,4,0,0,0,0,1,0,0,255,4,0.02,0.21,1,0,0,0,0,0,probe
0,55,651,480,0,0,0,0,0,0,1,1,0,0,0,0,1,0,0,255,36,0.14,0.02,0,0,0,0,0.81,0,normal
0,15,8,0,0,0,0,0,0,0,1,11,0,0,0,0,1,0,1,1,101,1,0,1,0.26,0,0,0,0,probe
0,50,0,0,0,0,0,0,0,0,9,2,1,1,0,0,0.22,0.33,0,255,2,0.01,0.09,0,0,1,1,0,0,dos
0,15,8,0,0,0,0,0,0,0,1,34,0,0,0,0,1,0,1,2,76,1,0,1,0.5,0,0,0,0,probe
0,15,8,0,0,0,0,0,0,0,1,52,0,0,0,0,1,0,1,2,10,1,0,1,0.5,0,0,0,0,probe
0,25,304,294,0,0,0,0,0,0,1,1,0,0,0,0,1,0,0,1,255,1,0,1,0.04,0,0.01,0,0,normal
0,25,319,770,0,0,0,0,0,0,12,12,0,0,0,0,1,0,0,61,255,1,0,0.02,0.01,0,0,0,0,normal
0,25,54540,8314,2,0,1,0,0,0,2,2,0,0,0,0,1,0,0,246,246,1,0,0,0,0,0,0.02,0.02,dos
0,25,254,943,0,0,0,0,0,0,13,34,0,0,0,0,1,0,0.12,48,255,1,0,0.02,0.03,0,0,0,0,normal
2511,45,146,105,0,0,0,0,0,0,2,2,0,0,0,0,1,0,0,59,2,0.03,0.49,0.69,0,0,0,0,0,normal
0,20,0,0,0,0,0,0,0,0,216,1,0,0,1,1,0,0.07,0,255,1,0,0.09,0,0,0,0,1,1,dos
0,50,0,0,0,0,0,0,0,0,146,17,1,1,0,0,0.12,0.06,0,255,7,0.03,0.06,0,0,1,1,0,0,dos
0,70,0,0,0,0,0,0,0,0,269,5,1,1,0,0,0.02,0.06,0,255,5,0.02,0.08,0,0,1,1,0,0,dos
0,50,0,0,0,0,0,0,0,0,398,1,0,0,1,1,0,0.52,0,255,1,0,0.52,1,0,0,0,1,1,probe
0,25,230,12471,0,0,0,0,0,0,6,7,0,0,0,0,1,0,0.29,255,255,1,0,0,0,0,0,0,0,normal
14,55,1570,332,0,0,0,0,0,0,1,1,0,0,0,0,1,0,0,191,83,0.39,0.02,0.01,0.02,0.01,0,0,0,normal
0,25,294,2591,0,0,0,0,0,0,2,2,0,0,0,0,1,0,0,2,255,1,0,0.5,0.06,0,0.01,0,0,normal
0,25,233,461,0,0,0,0,0,0,19,19,0,0,0,0,1,0,0,69,255,1,0,0.01,0.03,0,0,0,0,normal
0,25,0,0,0,0,0,0,0,0,1,1,0,0,1,1,1,0,0,3,252,1,0,0.33,0.25,0,0,1,0.87,normal
0,20,4189,0,0,0,0,0,0,0,1,1,0,0,0,0,1,0,0,49,31,0.2,0.08,0.2,0.06,0,0,0,0,normal
0,25,309,4200,0,0,0,0,0,0,18,19,0,0,0,0,1,0,0.11,18,255,1,0,0.06,0.05,0,0,0,0,normal
0,55,979,330,0,0,0,0,0,0,1,3,0,0,0,0,1,0,0.67,32,88,0.91,0.12,0.03,0.02,0,0,0,0,normal
0,25,262,6604,0,0,0,0,0,0,2,2,0,0,0,0,1,0,0,255,255,1,0,0,0,0,0,0,0,normal
6071,45,146,105,0,0,0,0,0,0,1,1,0,0,0,0,1,0,0,255,1,0,0.67,0.97,0,0,0,0,0,normal
0,25,164,3583,0,0,0,0,0,0,10,10,0,0,0,0,1,0,0,30,255,1,0,0.03,0.04,0,0,0,0,normal
0,45,516,4,0,0,0,0,0,0,310,310,0,0,0,0,1,0,0,255,255,1,0,1,0,0,0,0,0,normal
0,25,269,38544,0,0,0,0,0,0,1,1,0,0,0,0,1,0,0,87,255,1,0,0.01,0.04,0,0,0.2,0.08,normal
0,55,4660,370,0,0,0,0,0,0,1,3,0,0,0,0,1,0,1,4,243,0.75,0.5,0.25,0.02,0,0,0,0,normal
0,16,520,0,0,0,0,0,0,0,449,449,0,0,0,0,1,0,0,6,6,1,0,1,0,0,0,0,0,dos
0,50,0,0,0,0,0,0,0,0,87,1,1,1,0,0,0.01,0.07,0,255,1,0,0.06,0,0,1,1,0,0,dos
0,25,330,318,0,0,0,0,0,0,2,4,0,0,0,0,1,0,0.75,93,255,1,0,0.01,0.03,0,0,0,0,normal
0,50,0,0,0,0,0,0,0,0,235,13,1,1,0,0,0.06,0.06,0,255,12,0.05,0.07,0,0,1,1,0,0,dos
0,5,9,36,0,0,0,0,0,0,1,1,0,0,0,0,1,0,0,230,12,0.05,0.03,0,0,0,0,0,0,normal
0,50,0,0,0,0,0,0,0,0,91,1,1,1,0,0,0.01,0.08,0,255,20,0.08,0.05,0,0,1,1,0,0,dos
0,50,0,0,0,0,0,0,0,0,85,17,0,0,1,1,0.2,0.07,0,255,17,0.07,0.06,0,0,0,0,1,1,dos
0,19,0,0,0,0,0,0,0,0,137,15,1,1,0,0,0.11,0.05,0,255,4,0.02,0.06,0,0,1,1,0,0,dos
0,50,0,0,0,0,0,0,0,0,1,1,0,0,1,1,1,0,0,255,1,0,0.44,0.44,0,0,0,0.44,1,probe
0,25,245,15255,0,0,0,0,0,0,1,91,0,0,0,0,1,0,0.14,7,255,1,0,0.14,0.04,0,0,0,0,normal
0,54,0,0,0,0,0,0,0,0,115,20,1,1,0,0,0.17,0.05,0,255,20,0.08,0.07,0,0,1,1,0,0,dos
0,25,228,2839,0,0,0,0,0,0,5,5,0,0,0,0,1,0,0,255,255,1,0,0,0,0,0,0,0,normal
0,50,0,0,0,0,0,0,0,0,133,2,1,1,0,0,0.02,0.06,0,85,18,0.21,0.13,0.01,0,1,1,0,0,dos
0,35,0,0,0,0,0,0,0,0,74,11,1,1,0,0,0.15,0.07,0,255,11,0.04,0.06,0,0,1,1,0,0,dos
0,25,380,1770,0,0,0,0,0,0,32,35,0,0,0,0,1,0,0.09,255,255,1,0,0,0,0,0,0,0,normal
0,15,8,0,0,0,0,0,0,0,1,5,0,0,0,0,1,0,1,4,255,1,0,1,0.25,0,0,0,0,probe
0,25,235,439,0,0,0,0,0,0,11,11,0,0,0,0,1,0,0,94,255,1,0,0.01,0.01,0,0,0,0,normal
0,55,12418,1431,0,0,0,0,0,0,1,1,0,0,0,0,1,0,0,190,170,0.68,0.02,0.01,0.01,0,0,0,0,normal
0,59,0,0,0,0,0,0,0,0,60,14,1,1,0,0,0.23,0.1,0,255,15,0.06,0.08,0,0,1,1,0,0,dos
0,25,330,930,0,0,0,0,0,0,14,17,0,0,0,0,1,0,0.12,255,255,1,0,0,0,0,0,0,0,normal
29,12,110,33,0,0,0,0,0,0,1,1,0,0,0,0,1,0,0,24,19,0.79,0.08,0.79,0,0,0,0,0,normal
0,70,0,0,0,0,0,0,0,0,262,19,1,1,0,0,0.07,0.06,0,255,19,0.07,0.07,0,0,1,1,0,0,dos
0,12,31,0,0,0,0,0,0,0,1,2,0,0,0,0,1,0,1,44,27,0.18,0.09,0.18,0.07,0,0,0,0,normal
0,50,0,0,0,0,0,0,0,0,213,4,1,1,0,0,0.02,0.07,0,255,14,0.05,0.07,0,0,1,1,0,0,dos
0,1,197,2276,0,0,0,0,0,0,2,1,0.5,1,0,0,0.5,1,0,24,9,0.38,0.08,0.04,0,0.12,0.33,0.17,0.44,normal
0,50,0,0,0,0,0,0,0,0,149,18,0,0,1,1,0.12,0.05,0,255,15,0.06,0.07,0,0,0,0,1,1,dos
0,25,312,882,0,0,0,0,0,0,10,10,0,0,0,0,1,0,0,18,255,1,0,0.06,0.03,0,0,0,0,normal
0,50,0,0,0,0,0,0,0,0,96,17,1,1,0,0,0.18,0.06,0,255,17,0.07,0.05,0,0,1,1,0,0,dos
0,50,105,147,0,0,0,0,0,0,8,2,0,0,0,0,0.25,0.25,0,255,247,0.97,0.01,0.01,0,0,0,0,0,normal
0,25,284,9418,0,0,0,0,0,0,11,11,0,0,0,0,1,0,0,199,255,1,0,0.01,0.01,0,0,0,0,normal
0,16,520,0,0,0,0,0,0,0,478,478,0,0,0,0,1,0,0,131,131,1,0,1,0,0,0,0,0,dos
0,45,0,0,0,0,0,0,0,0,508,1,0.09,0,0.9,1,0,1,0,255,1,0,1,0,0,0.07,0,0.93,1,probe
0,25,224,1998,0,0,0,0,0,0,16,16,0,0,0,0,1,0,0,37,255,1,0,0.03,0.03,0,0,0,0,normal
0,25,321,182,0,0,0,0,0,0,8,25,0,0.08,0,0.04,1,0,0.32,46,255,1,0,0.02,0.02,0,0,0,0,normal
0,20,13239,0,0,0,0,0,0,0,6,7,0,0,0,0,1,0,0.29,75,85,0.45,0.07,0.47,0.02,0,0,0,0,normal
0,25,0,0,0,0,0,0,0,0,1,2,0,0,1,1,1,0,1,2,195,1,0,0.5,0.07,0,0,1,0.99,normal
0,25,296,1415,0,0,0,0,0,0,8,8,0,0,0,0,1,0,0,255,255,1,0,0.01,0,0,0,0,0,normal
27,20,1499,4152,30,0,0,0,0,0,1,1,0,0,0,0,1,0,0,255,42,0.16,0.01,0,0,0,0,0,0,normal
0,15,30,0,0,0,0,0,0,0,6,2,0,0,0,0,0.33,0.33,0,255,2,0.01,0.01,0.05,0,0,0,0,0,normal
0,50,0,0,0,0,0,0,0,0,131,1,1,1,0,0,0.01,0.08,0,255,1,0,0.07,0,0,1,1,0,0,dos
0,45,516,4,0,0,0,0,0,0,381,381,0,0,0,0,1,0,0,255,255,1,0,1,0,0,0,0,0,normal
3030,12,17,17,0,0,0,0,0,0,3,4,0,0,0,0,1,0,0.5,255,220,0.86,0.01,0.05,0,0,0,0,0,normal
3,61,0,15,0,0,0,0,0,0,4,1,0,0,0.25,1,0.25,0.5,0,255,3,0.01,0.04,0,0,0,0,0,0.33,normal
0,25,232,64983,0,0,0,0,0,0,1,1,0,0,0,0,1,0,0,9,255,1,0,0.11,0.04,0,0,0,0,normal
0,25,243,392,0,0,0,0,0,0,30,36,0,0,0,0,1,0,0.14,255,255,1,0,0,0,0,0,0,0,normal
0,30,0,0,0,0,0,0,0,0,249,3,1,1,0,0,0.01,0.06,0,255,3,0.01,0.07,0,0,1,1,0,0,dos
0,25,296,715,0,0,0,0,0,0,10,10,0,0,0,0,1,0,0,214,255,1,0,0,0.01,0,0,0,0,normal
0,17,0,0,0,0,0,0,0,0,128,20,1,1,0,0,0.16,0.05,0,255,20,0.08,0.07,0,0,1,1,0,0,dos
0,5,0,0,0,0,0,0,0,0,141,11,1,1,0,0,0.08,0.06,0,255,14,0.05,0.07,0,0,1,1,0,0,dos
0,67,0,0,0,0,0,0,0,0,143,6,1,1,0,0,0.04,0.07,0,255,20,0.08,0.07,0,0,1,1,0,0,dos
0,25,215,25078,0,0,0,0,0,0,2,8,0,0,0,0,1,0,0.25,2,255,1,0,0.5,0.04,0,0,0,0,normal
0,25,0,0,0,0,0,0,0,0,131,2,1,1,0,0,0.02,0.06,0,255,2,0.01,0.07,0,0,1,1,0,0,dos
0,50,0,0,0,0,0,0,0,0,1,1,0,0,1,1,1,0,0,41,2,0.02,1,0.02,1,0,0,0.9,1,probe
0,35,0,0,0,0,0,0,0,0,112,1,1,1,0,0,0.01,0.07,0,255,15,0.06,0.08,0,0,1,1,0,0,dos
0,25,214,480,0,0,0,0,0,0,9,25,0,0,0,0,1,0,0.08,9,255,1,0,0.11,0.01,0,0,0,0,normal
0,25,209,1155,0,0,0,0,0,0,34,38,0,0,0,0,1,0,0.11,255,255,1,0,0,0,0,0,0,0,normal
0,50,0,0,0,0,0,0,0,0,70,10,0,0,1,1,0.14,0.07,0,255,10,0.04,0.07,0,0,0,0,1,1,dos
0,12,44,44,0,0,0,0,0,0,173,173,0,0,0,0,1,0,0,255,250,0.98,0.01,0,0,0,0,0,0,normal
0,50,0,0,0,0,0,0,0,0,145,9,0,0,1,1,0.06,0.07,0,255,9,0.04,0.07,0,0,0,0,1,1,dos
0,19,9,147,0,0,0,0,0,0,1,1,0,0,0,0,1,0,0,148,4,0.03,0.04,0.01,0,0.01,0.25,0.05,0,normal
0,43,0,0,0,0,0,0,0,0,226,23,1,1,0,0,0.1,0.05,0,255,23,0.09,0.05,0,0,1,1,0,0,dos
0,25,240,493,0,0,0,0,0,0,9,22,0,0,0,0,1,0,0.18,29,255,1,0,0.03,0.06,0,0,0,0,normal
0,50,0,0,0,0,0,0,0,0,177,18,1,1,0,0,0.1,0.06,0,255,18,0.07,0.07,0,0,1,1,0,0,dos
0,12,45,136,0,0,0,0,0,0,25,105,0,0,0,0,1,0,0.02,255,227,0.89,0.02,0,0,0,0,0,0,normal
0,50,0,0,0,0,0,0,0,0,137,7,1,1,0,0,0.05,0.06,0,255,14,0.05,0.06,0,0,1,1,0,0,dos
0,25,247,1656,0,0,0,0,0,0,11,13,0,0,0,0,1,0,0.15,255,255,1,0,0.01,0,0,0,0,0,normal
0,50,0,0,0,0,0,0,0,0,95,1,0.01,0,0.91,1,0.01,1,0,255,1,0,0.39,0,0,0,0,0.35,1,probe
0,50,0,0,0,0,0,0,0,0,215,21,1,1,0,0,0.1,0.07,0,255,21,0.08,0.06,0,0,1,1,0,0,dos
0,67,0,0,0,0,0,0,0,0,231,7,1,1,0,0,0.03,0.06,0,255,7,0.03,0.07,0,0,1,1,0,0,dos
12,20,7045,0,0,0,0,0,0,0,3,2,0,0,0,0,0.67,0.67,0,255,83,0.33,0.07,0.35,0,0.02,0.05,0,0,r2l
0,25,294,832,0,0,0,0,0,0,8,8,0,0,0,0,1,0,0,171,255,1,0,0.01,0.03,0,0,0,0,normal
2671,45,147,105,0,0,0,0,0,0,6,2,0,0,0,0,0.33,0.5,0,255,2,0.01,0.4,0.89,0,0,0,0,0,normal
0,16,1032,0,0,0,0,0,0,0,335,335,0,0,0,0,1,0,0,255,255,1,0,1,0,0,0,0,0,dos
2,20,2194619,0,0,0,0,0,0,0,2,2,0,0,0,0,1,0,0,252,98,0.39,0.02,0.39,0,0,0,0,0,normal
0,25,235,695,0,0,0,0,0,0,9,9,0,0,0,0,1,0,0,142,255,1,0,0.01,0.04,0,0,0,0,normal
0,16,1032,0,0,0,0,0,0,0,142,142,0,0,0,0,1,0,0,255,142,0.56,0.01,0.56,0,0,0,0,0,dos
0,25,250,3589,0,0,0,0,0,0,13,13,0,0,0,0,1,0,0,255,255,1,0,0,0,0,0,0,0,normal
0,50,0,0,0,0,0,0,0,0,115,4,1,1,0,0,0.03,0.06,0,255,18,0.07,0.07,0,0,1,1,0,0,dos
0,50,1,0,0,0,0,0,0,0,55,9,0,0,0,0,0.16,0.07,0,255,9,0.04,0.23,1,0,0,0,0,0,probe
0,50,0,0,0,0,0,0,0,0,146,18,0,0,1,1,0.12,0.05,0,255,10,0.04,0.08,0,0,0,0,1,1,dos
0,6,0,0,0,0,0,0,0,0,297,24,1,1,0,0,0.08,0.05,0,255,24,0.09,0.05,0,0,1,1,0,0,dos
0,55,1278,329,0,0,0,0,0,0,2,2,0,0,0,0,0.5,1,1,158,129,0.49,0.04,0.01,0.02,0,0,0,0,normal
0,61,0,0,0,0,0,0,0,0,231,14,1,1,0,0,0.06,0.06,0,255,20,0.08,0.06,0,0,1,1,0,0,dos
0,50,0,0,0,0,0,0,0,0,1,1,0,0,1,1,1,0,0,221,1,0,0.24,0.46,0,0,0,0.46,1,probe
0,55,687,339,0,0,0,0,0,0,1,1,0,0,0,0,1,0,0,21,137,0.57,0.14,0.05,0.01,0,0,0,0,normal
0,52,0,0,0,0,0,0,0,0,281,11,1,1,0,0,0.04,0.06,0,255,11,0.04,0.07,0,0,1,1,0,0,dos
0,12,45,128,0,0,0,0,0,0,66,147,0,0,0,0,1,0,0.01,255,234,0.92,0.01,0,0,0,0,0,0,normal
0,25,238,27928,0,0,0,0,0,0,1,1,0,0,0,0,1,0,0,1,255,1,0,1,0.07,0,0,0,0,normal
0,15,8,0,0,0,0,0,0,0,1,12,0,0,0,0,1,0,1,1,47,1,0,1,0.51,0,0,0,0,probe
0,19,8,138,0,0,0,0,0,0,1,1,0,0,0,0,1,0,0,113,2,0.02,0.04,0.01,0,0,0,0,0,normal
0,25,241,1400,0,0,0,0,0,0,33,33,0,0,0.03,0.03,1,0,0,255,255,1,0,0,0,0,0,0,0,normal
0,25,244,2899,0,0,0,0,0,0,10,10,0,0,0,0,1,0,0,124,255,1,0,0.01,0.02,0,0,0,0,normal
0,25,298,2809,0,0,0,0,0,0,2,5,0,0,0,0,1,0,0.4,62,255,1,0,0.02,0.01,0,0.01,0,0,normal
0,25,239,255,0,0,0,0,0,0,19,25,0,0,0,0,1,0,0.2,255,255,1,0,0,0,0,0,0,0,normal
0,25,231,2698,0,0,0,0,0,1,4,4,0,0,0,0,1,0,0,255,250,0.98,0.01,0,0,0,0,0.01,0.01,normal
0,25,0,0,0,0,0,0,0,0,1,1,0,0,1,1,1,0,0,9,255,1,0,0.11,0.05,0,0,1,0.29,normal
0,5,0,0,0,0,0,0,0,0,279,10,0,0,1,1,0.04,0.06,0,255,10,0.04,0.07,0,0,0,0,1,1,dos
0,39,0,0,0,0,0,0,0,0,106,15,1,1,0,0,0.14,0.06,0,255,15,0.06,0.05,0,0,1,1,0,0,dos
0,50,0,0,0,0,0,0,0,0,143,19,1,1,0,0,0.13,0.06,0,255,4,0.02,0.06,0,0,1,1,0,0,dos
0,25,275,337,0,0,0,0,0,0,1,4,0,0.25,0,0,1,0,0.75,255,255,1,0,0,0,0,0,0,0,normal
0,8,0,0,0,0,0,0,0,0,195,19,1,1,0,0,0.1,0.06,0,255,19,0.07,0.07,0,0,1,1,0,0,dos
0,50,1,0,0,0,0,0,0,0,150,140,0,0,0,0,0.93,0.01,0,255,204,0.8,0.03,1,0,0,0,0,0,probe
0,25,210,274,0,0,0,0,0,0,42,42,0,0,0,0,1,0,0,255,255,1,0,0,0,0,0,0,0,normal
0,25,279,602,0,0,0,0,0,0,34,54,0,0,0,0,1,0,0.09,149,255,1,0,0.01,0.02,0,0,0,0,normal
0,25,209,1433,0,0,0,0,0,0,11,14,0,0,0,0,1,0,0.29,255,255,1,0,0,0,0,0,0,0,normal
0,15,8,0,0,0,0,0,0,0,1,4,0,0,0,0,1,0,1,1,255,1,0,1,0.5,0,0,0,0,probe
0,12,44,44,0,0,0,0,0,0,94,174,0,0,0,0,1,0,0.01,255,255,1,0,0.01,0,0,0,0,0,normal
0,15,30,0,0,0,0,0,0,0,1,1,0,0,0,0,1,0,0,56,131,1,0,1,0.3,0,0,0,0,normal
0,16,1032,0,0,0,0,0,0,0,511,511,0,0,0,0,1,0,0,255,40,0.16,0.07,0.16,0,0.06,0,0,0,dos
0,10,0,0,0,0,0,0,0,0,262,12,1,1,0,0,0.05,0.06,0,255,20,0.08,0.07,0,0,1,1,0,0,dos
0,25,315,1086,0,0,0,0,0,0,8,17,0,0,0.12,0.06,1,0,0.24,255,255,1,0,0,0,0.01,0.01,0,0,normal
0,50,0,0,0,0,0,0,0,0,239,23,1,1,0,0,0.1,0.05,0,255,23,0.09,0.07,0,0,1,1,0,0,dos
0,55,0,0,0,0,0,0,0,0,2,2,0.5,0.5,0,0,1,0,0,153,115,0.35,0.05,0.01,0.02,0.01,0.01,0,0,normal
0,25,323,3805,0,0,0,0,0,0,8,8,0,0,0,0,1,0,0,8,255,1,0,0.12,0.05,0,0,0,0,normal
0,50,0,0,0,0,0,0,0,0,229,16,1,1,0,0,0.07,0.07,0,255,20,0.08,0.08,0,0,1,1,0,0,dos
0,50,0,0,0,0,0,0,0,0,203,8,1,1,0,0,0.04,0.07,0,255,8,0.03,0.06,0,0,1,1,0,0,dos
0,25,348,434,0,0,0,0,0,0,34,42,0,0,0,0,1,0,0.07,255,255,1,0,0,0,0,0,0,0,normal
0,25,164,458,0,0,0,0,0,0,2,2,0,0,0,0,1,0,0,4,255,1,0,0.25,0.03,0,0,0,0,normal
0,12,33,88,0,0,0,0,0,0,2,6,0,0,0,0,1,0,0.67,72,47,0.65,0.04,0.01,0,0,0,0,0,normal
0,12,44,69,0,0,0,0,0,0,241,240,0,0,0,0,1,0.01,0,255,250,0.98,0.01,0,0,0,0,0,0,normal
0,12,42,121,0,0,0,0,0,0,9,89,0,0,0,0,1,0,0.02,123,92,0.75,0.02,0.01,0,0,0,0,0,normal
0,25,208,1626,0,0,0,0,0,0,8,8,0,0,0,0,1,0,0,29,255,1,0,0.03,0.03,0,0,0,0,normal
0,25,281,4768,0,0,0,0,0,0,12,12,0,0,0,0,1,0,0,160,255,1,0,0.01,0.01,0,0,0.01,0.01,normal
0,55,3873,337,0,0,0,0,0,0,1,1,0,0,0,0,1,0,0,153,156,0.83,0.03,0.01,0.01,0,0,0,0,normal
0,41,0,0,0,0,0,0,0,0,109,2,1,1,0,0,0.02,0.07,0,255,2,0.01,0.07,0,0,1,1,0,0,dos
0,14,0,0,0,0,0,0,0,0,225,25,1,1,0,0,0.11,0.05,0,255,25,0.1,0.05,0,0,1,1,0,0,dos
0,45,146,0,0,0,0,0,0,0,1,1,0,0,0,0,1,0,0,255,3,0.01,0.52,0.82,0,0,0,0,0,normal
0,25,231,670,0,0,0,0,0,0,15,15,0,0,0,0,1,0,0,255,255,1,0,0,0,0,0,0,0,normal
0,12,44,70,0,0,0,0,0,0,216,216,0,0,0,0,1,0,0,255,255,1,0,0.01,0,0,0,0,0,normal
0,15,8,0,0,0,0,0,0,0,1,22,0,0,0,0,1,0,1,1,91,1,0,1,0.51,0,0,0,0,probe
0,25,0,0,0,0,0,0,0,0,1,1,0,0,1,1,1,0,0,9,255,1,0,0.11,0.04,0.11,0.02,0.33,0.03,normal
0,57,0,0,0,0,0,0,0,0,12,6,1,1,0,0,0.5,0.25,0,255,6,0.02,0.09,0,0,1,1,0,0,dos
0,12,45,78,0,0,0,0,0,0,143,148,0,0,0,0,1,0,0.01,255,254,1,0.01,0,0,0,0,0,0,normal
0,50,0,0,0,0,0,0,0,0,247,14,1,1,0,0,0.06,0.06,0,255,13,0.05,0.08,0,0,1,1,0,0,dos
0,25,332,334,0,0,0,0,0,0,11,11,0,0,0,0,1,0,0,138,255,1,0,0.01,0.04,0,0.01,0,0,normal
2,55,2068,334,0,0,0,0,0,0,1,2,0,0,0,0,1,0,1,20,183,0.85,0.15,0.05,0.02,0,0.01,0,0,normal
0,16,1032,0,0,0,0,0,0,0,511,511,0,0,0,0,1,0,0,255,22,0.09,0.18,0.09,0,0,0,0,0,dos
0,55,770,283,0,0,0,0,0,0,2,1,0,0,0,0,0.5,1,0,16,126,0.56,0.25,0.06,0.02,0,0,0,0,normal
0,5,10,37,0,0,0,0,0,0,2,1,0,0,0,0,0.5,1,0,1,12,1,0,1,0.17,0,0,0,0,normal
0,25,334,280,0,0,0,0,0,0,10,10,0,0,0,0,1,0,0,255,255,1,0,0,0,0,0,0,0,normal
0,55,0,0,0,0,0,0,0,0,17,17,1,1,0,0,1,0,0,79,140,0.47,0.03,0.01,0.01,0.97,0.26,0,0,dos
0,3,0,0,0,0,0,0,0,0,234,4,1,1,0,0,0.02,0.06,0,255,4,0.02,0.07,0,0,1,1,0,0,dos
0,12,44,69,0,0,0,0,0,0,174,174,0,0,0,0,1,0,0,255,255,1,0,0.01,0,0,0,0,0,normal
0,50,105,145,0,0,0,0,0,0,7,1,0,0,0,0,0.14,0.29,0,255,222,0.87,0.01,0.01,0,0,0,0,0,normal
0,50,0,0,0,0,0,0,0,0,149,1,0.04,0,0.88,1,0.01,0.99,0,255,1,0,0.59,0,0,0.02,0,0.52,1,probe
0,29,0,0,0,0,0,0,0,0,234,17,0,0,1,1,0.07,0.06,0,255,17,0.07,0.07,0,0,0,0,1,1,dos
0,5,0,0,0,0,0,0,0,0,268,6,1,1,0,0,0.02,0.06,0,255,6,0.02,0.08,0,0,1,1,0,0,dos
0,12,46,112,0,0,0,0,0,0,202,282,0,0,0,0,1,0,0.01,255,253,0.99,0.01,0,0,0,0,0,0,normal
0,12,43,72,0,0,0,0,0,0,263,264,0,0,0,0,1,0.01,0.01,255,242,0.95,0.01,0,0,0,0,0,0,normal
4080,45,147,105,0,0,0,0,0,0,1,1,0,0,0,0,1,0,0,255,1,0,0.77,0.98,0,0,0,0,0,normal
0,67,0,0,0,0,0,0,0,0,103,2,1,1,0,0,0.02,0.06,0,255,2,0.01,0.05,0,0,1,1,0,0,dos
0,20,334,0,0,0,0,0,0,0,2,2,0,0,0,0,1,0,0,6,10,1,0,1,0.2,0,0,0,0,r2l
0,25,229,2573,0,0,0,0,0,0,3,3,0,0,0,0,1,0,0,255,255,1,0,0,0,0,0,0,0,normal
0,25,221,268,0,0,0,0,0,0,7,7,0,0,0,0,1,0,0,255,255,1,0,0,0,0,0,0,0,normal
0,25,248,6271,0,0,0,0,0,0,5,17,0,0,0,0,1,0,0.12,179,255,1,0,0.01,0.02,0,0,0,0,normal
0,50,0,0,0,0,0,0,0,0,92,20,1,1,0,0,0.22,0.07,0,255,19,0.07,0.06,0,0,1,1,0,0,dos
0,55,0,0,0,0,0,0,0,0,2,2,0.5,0.5,0,0,1,0,0,156,145,0.84,0.03,0.01,0.01,0.01,0.01,0,0,normal
0,25,224,318,0,0,0,0,0,0,10,16,0,0,0,0,1,0,0.19,208,255,1,0,0,0.02,0,0,0,0,normal
0,69,0,0,0,0,0,0,0,0,282,13,0,0,1,1,0.05,0.06,0,255,13,0.05,0.07,0,0,0,0,1,1,dos
0,50,0,0,0,0,0,0,0,0,103,7,1,1,0,0,0.07,0.06,0,255,10,0.04,0.06,0,0,1,1,0,0,dos
0,50,0,0,0,0,0,0,0,0,171,5,1,1,0,0,0.03,0.06,0,255,6,0.02,0.08,0,0,1,1,0,0,dos
0,25,333,1948,0,0,0,0,0,0,1,1,0,0,0,0,1,0,0,11,255,1,0,0.09,0.06,0,0,0,0,normal
0,50,0,0,0,0,0,0,0,0,511,1,0.11,0,0.88,1,0,1,0,255,1,0,1,0,0,0.14,0,0.84,1,probe
0,25,220,18912,0,0,0,0,0,0,3,3,0,0,0,0,1,0,0,30,255,1,0,0.03,0.01,0,0,0,0,normal
0,12,92,0,0,0,0,0,0,0,1,2,0,0,0,0,1,0,1,6,6,1,0,1,0,0,0,0,0,normal
0,50,0,0,0,0,0,0,0,0,136,11,1,1,0,0,0.08,0.06,0,255,9,0.04,0.07,0,0,1,1,0,0,dos
0,25,222,314,0,0,0,0,0,0,2,2,0,0,0,0,1,0,0,2,255,1,0,0.5,0.04,0,0,0,0,normal
0,25,189,3284,0,0,0,0,0,0,1,1,0,0,0,0,1,0,0,26,255,1,0,0.04,0.02,0,0,0,0,normal
0,25,0,0,0,0,0,0,0,0,278,6,1,1,0,0,0.02,0.06,0,255,5,0.02,0.06,0,0,1,1,0,0,dos
0,15,30,0,0,0,0,0,0,0,1,1,0,0,0,0,1,0,0,34,90,0.97,0.06,0.97,0.33,0,0,0,0,normal
0,25,54540,8314,2,0,1,0,0,0,5,5,0,0,0,0,1,0,0,32,32,1,0,0.03,0,0,0,0.06,0.06,dos
0,25,246,1600,0,0,0,0,0,0,6,36,0,0,0,0,1,0,0.14,138,255,1,0,0.01,0.02,0,0,0,0,normal
0,25,146,15634,0,0,0,0,0,0,13,14,0,0,0,0,1,0,0.14,255,255,1,0,0,0,0,0,0.01,0.01,normal
0,25,243,1226,0,0,0,0,0,0,12,12,0,0,0,0,1,0,0,144,255,1,0,0.01,0.02,0,0,0,0,normal
0,20,0,61632,0,0,0,0,0,0,1,1,0,0,0,0,1,0,0,46,76,0.2,0.11,0.02,0.03,0,0.01,0,0,normal
0,25,242,2147,0,0,0,0,0,0,18,21,0,0,0,0,1,0,0.14,255,255,1,0,0,0,0,0,0,0,normal
0,20,4539,0,0,0,0,0,0,0,15,15,0,0,0,0,1,0,0,80,91,0.44,0.06,0.44,0.02,0,0,0,0,normal
0,25,278,6546,0,0,0,0,0,0,7,7,0,0,0,0,1,0,0,7,255,1,0,0.14,0.03,0,0,0,0,normal
0,25,289,2658,0,0,0,0,0,0,37,40,0,0,0,0,1,0,0.05,255,255,1,0,0,0,0,0,0,0,normal
0,12,45,75,0,0,0,0,0,0,310,310,0,0,0,0,1,0,0,255,219,0.86,0.01,0,0,0,0,0,0,normal
0,50,0,0,0,0,0,0,0,0,291,20,1,1,0,0,0.07,0.06,0,255,37,0.15,0.06,0,0,1,1,0,0,dos
0,25,344,201,0,0,0,0,0,0,5,11,0.2,0.18,0,0,1,0,0.27,5,255,1,0,0.2,0.02,0.2,0.01,0,0,normal
0,25,340,283,0,0,0,0,0,0,8,8,0,0,0,0,1,0,0,255,244,0.96,0.01,0,0,0,0,0,0,normal
0,25,221,7473,0,0,0,0,0,0,8,9,0,0,0,0,1,0,0.22,40,255,1,0,0.03,0.03,0,0,0,0,normal
0,25,229,770,0,0,0,0,0,0,10,14,0,0,0,0,1,0,0.14,255,255,1,0,0,0,0,0,0,0,normal
0,25,334,436,0,0,0,0,0,0,11,11,0,0,0,0,1,0,0,255,255,1,0,0,0,0,0,0,0,normal
0,25,324,1600,0,0,0,0,0,0,10,10,0,0,0,0,1,0,0,53,255,1,0,0.02,0.03,0.02,0,0,0,normal
0,7,0,0,0,0,0,0,0,0,119,15,1,1,0,0,0.13,0.06,0,255,15,0.06,0.05,0,0,1,1,0,0,dos
1,55,869,329,0,0,0,0,0,0,1,2,0,0,0,0,1,0,1,28,66,0.96,0.07,0.04,0.03,0,0,0,0,normal
16,55,1429,364,0,0,0,0,0,0,1,1,0,0,0,0,1,0,0,111,89,0.8,0.03,0.01,0,0,0,0,0,normal
0,50,0,0,0,0,0,0,0,0,3,1,0,0,0.33,1,0.33,0.67,0,255,1,0,0.66,0.66,0,0,0,0.66,1,probe
0,9,0,0,0,0,0,0,0,0,129,5,0,0,1,1,0.04,0.07,0,255,5,0.02,0.08,0,0,0,0,1,1,dos
0,14,0,0,0,0,0,0,0,0,170,11,1,1,0,0,0.06,0.06,0,255,11,0.04,0.06,0,0,1,1,0,0,dos
0,5,14,41,0,0,0,0,0,0,1,1,0,0,0,0,1,0,0,1,6,1,0,1,0.33,0,0,0,0,normal
0,50,0,0,0,0,0,0,0,0,141,16,1,1,0,0,0.11,0.06,0,255,2,0.01,0.07,0,0,1,1,0,0,dos
0,45,10389,0,0,0,0,0,0,0,4,1,0,0,0,0,0.25,1,0,218,1,0,0.07,0.39,0,0,0,0,0,normal
0,25,301,16802,0,0,0,0,0,0,12,12,0,0,0,0,1,0,0,39,255,1,0,0.03,0.01,0,0,0,0,normal
0,50,0,0,0,0,0,0,0,0,85,2,1,1,0,0,0.02,0.07,0,255,4,0.02,0.07,0,0,1,1,0,0,dos
0,25,258,255,0,0,0,0,0,0,10,10,0,0,0,0,1,0,0,255,255,1,0,0,0,0,0,0,0,normal
10,55,1330,282,0,0,0,0,0,0,1,1,0,0,0,0,1,0,0,255,142,0.56,0.03,0,0,0,0,0,0,normal
0,50,0,0,0,0,0,0,0,0,1,1,0,0,1,1,1,0,0,125,1,0.01,0.05,0.04,0,0,0,0.04,1,probe
0,50,0,0,0,0,0,0,0,0,409,1,0.06,0,0.93,1,0,1,0,255,1,0,1,0,0,0.09,0,0.91,1,probe
0,25,250,354,0,0,0,0,0,0,4,11,0,0,0,0,1,0,0.18,213,255,1,0,0.01,0.01,0,0,0,0,normal
0,15,8,0,0,0,0,0,0,0,1,27,0,0,0,0,1,0,1,1,41,1,0,1,0.51,0,0,0,0,probe
0,7,0,0,0,0,0,0,0,0,114,12,0,0,1,1,0.11,0.07,0,255,12,0.05,0.07,0,0,0,0,1,1,dos
2,20,2194620,0,0,0,0,0,0,0,2,2,0.5,0.5,0,0,1,0,0,255,61,0.24,0.02,0.07,0,0.61,0.66,0,0,normal
0,12,43,131,0,0,0,0,0,0,27,52,0,0,0,0,1,0,0.04,255,252,0.99,0.01,0,0,0,0,0,0,normal
0,50,0,0,0,0,0,0,0,0,125,18,0.99,1,0,0,0.14,0.06,0,255,3,0.01,0.06,0,0,1,1,0,0,dos
0,16,1032,0,0,0,0,0,0,0,510,510,0,0,0,0,1,0,0,255,46,0.18,0.18,0.18,0,0,0,0,0,dos
0,25,208,6530,0,0,0,0,0,0,2,30,0,0,0,0,1,0,0.07,17,255,1,0,0.06,0.02,0,0,0,0,normal
2,50,0,0,0,0,0,0,0,0,421,2,0,0,1,1,0,0.52,0,255,2,0.01,0.51,1,0,0,0,1,1,probe
0,19,0,0,0,0,0,0,0,0,255,23,1,1,0,0,0.09,0.05,0,255,23,0.09,0.05,0,0,1,1,0,0,dos
0,25,217,1324,0,0,0,0,0,0,2,2,0,0,0,0,1,0,0,17,255,1,0,0.06,0.02,0,0,0,0,normal
0,25,244,1041,0,0,0,0,0,0,2,5,0,0,0,0,1,0,0.4,210,255,1,0,0,0.03,0,0.01,0,0,normal
0,25,272,15626,0,0,0,0,0,0,1,1,0,0,0,0,1,0,0,187,178,0.95,0.02,0.01,0,0.01,0,0,0,normal
3,12,42,42,0,0,0,0,0,0,1,1,0,0,0,0,1,0,0,255,210,0.82,0.01,0,0,0,0,0,0,normal
0,25,231,1287,0,0,0,0,0,0,18,18,0,0,0,0,1,0,0,255,255,1,0,0,0,0,0,0,0,normal
0,15,8,0,0,0,0,0,0,0,1,40,0,0,0,0,1,0,1,1,143,1,0,1,0.5,0,0,0,0,probe
0,50,0,0,0,0,0,0,0,0,116,16,0,0,1,1,0.14,0.06,0,255,16,0.06,0.08,0,0,0,0,1,1,dos
0,20,192,0,0,0,0,0,0,0,2,2,0,0,0,0,1,0,0,47,52,0.17,0.06,0.17,0.04,0,0.02,0,0,normal
0,25,221,2705,0,0,0,0,0,0,2,2,0.5,0.5,0,0,1,0,0,53,255,1,0,0.02,0.02,0.02,0,0,0,normal
0,20,9198,0,0,0,0,0,0,0,8,8,0,0,0,0,1,0,0,230,95,0.4,0.03,0.4,0.02,0.01,0.01,0,0,normal
0,25,215,288,0,0,0,0,0,0,39,39,0,0,0,0,1,0,0,255,255,1,0,0,0,0,0,0,0,normal
0,25,306,636,0,0,0,0,0,0,17,18,0,0,0,0,1,0,0.11,255,255,1,0,0,0,0,0,0,0,normal
0,45,35195,0,0,0,0,0,0,0,24,1,0.04,0,0,0,0.04,0.46,0,176,1,0.01,0.08,0.33,0,0.01,0,0,0,normal
0,20,0,0,0,0,0,0,0,0,257,6,1,1,0,0,0.02,0.06,0,255,6,0.02,0.07,0,0,1,1,0,0,dos
0,45,0,0,0,0,0,0,0,0,440,1,0.08,0,0.92,1,0,1,0,255,1,0,1,0,0,0.06,0,0.94,1,probe
0,8,0,0,0,0,0,0,0,0,265,20,0,0,1,1,0.08,0.06,0,255,20,0.08,0.07,0,0,0,0,1,1,dos
0,16,520,0,0,0,0,0,0,0,58,58,0,0,0,0,1,0,0,255,255,1,0,1,0,0,0,0,0,dos
0,70,0,0,0,0,0,0,0,0,106,1,1,1,0,0,0.01,0.08,0,255,1,0,0.07,0,0,1,1,0,0,dos
0,9,0,0,0,0,0,0,0,0,108,6,1,1,0,0,0.06,0.07,0,78,6,0.08,0.1,0.01,0,1,1,0,0,dos
0,45,1,0,0,0,0,0,0,0,27,1,0,0,0,0,0.04,0.19,0,255,1,0,0.16,0.5,0,0,0,0.44,0,probe
0,16,1032,0,0,0,0,0,0,0,423,423,0,0,0,0,1,0,0,255,255,1,0,1,0,0,0,0,0,dos
1,55,1102,333,0,0,0,0,0,0,1,2,0,0,0,0,1,0,1,185,168,0.65,0.03,0.01,0.01,0,0,0,0,normal
0,25,289,808,0,0,0,0,0,0,12,17,0,0,0,0,1,0,0.18,157,237,1,0,0.01,0.05,0.01,0,0,0,normal
0,69,0,0,0,0,0,0,0,0,212,9,1,1,0,0,0.04,0.07,0,255,9,0.04,0.07,0,0,1,1,0,0,dos
0,31,0,0,0,0,0,0,0,0,122,3,1,1,0,0,0.02,0.07,0,255,3,0.01,0.07,0,0,1,1,0,0,dos
0,70,0,0,0,0,0,0,0,0,205,3,1,1,0,0,0.01,0.06,0,255,15,0.06,0.08,0,0,1,1,0,0,dos
0,15,8,0,0,0,0,0,0,0,1,8,0,0,0,0,1,0,1,4,44,1,0,1,0.25,0,0,0,0,probe
0,45,0,0,0,0,0,0,0,0,509,1,0.09,0,0.9,1,0,1,0,255,1,0,1,0.01,0,0.14,0,0.84,1,probe
22,20,335,1054,2,0,0,0,0,0,1,1,0,0,0,0,1,0,0,190,76,0.4,0.03,0.01,0,0,0,0,0,normal
0,32,0,0,0,0,0,0,0,0,148,25,1,1,0,0,0.17,0.05,0,255,25,0.1,0.05,0,0,1,1,0,0,dos
0,50,0,0,0,0,0,0,0,0,303,1,0.03,0,0.95,1,0,1,0,255,1,0,0.97,0,0,0.04,0,0.92,1,probe
0,25,0,0,0,0,0,0,0,0,1,1,0,0,1,1,1,0,0,49,131,1,0,0.02,0.21,0,0,1,1,normal
0,45,145,0,0,0,0,0,0,0,3,1,0,0,0,0,0.33,0.67,0,3,1,0.33,0.67,1,0,0,0,0,0,normal
0,25,238,3227,0,0,0,0,0,0,1,1,0,0,0,0,1,0,0,25,255,1,0,0.04,0.02,0,0,0,0,normal
0,10,0,0,0,0,0,0,0,0,265,11,1,1,0,0,0.04,0.07,0,255,11,0.04,0.07,0,0,1,1,0,0,dos
0,25,214,3477,0,0,0,0,0,0,2,2,0,0,0,0,1,0,0,2,255,1,0,0.5,0.02,0,0,0,0,normal
0,25,244,7207,0,0,0,0,0,0,5,5,0,0,0,0,1,0,0,255,255,1,0,0,0,0,0,0,0,normal
0,12,29,0,0,0,0,0,0,0,1,3,0,0,0,0,1,0,1,175,20,0.09,0.03,0.09,0.1,0,0,0,0,normal
0,50,0,0,0,0,0,0,0,0,181,14,1,1,0,0,0.08,0.07,0,255,12,0.05,0.07,0,0,1,1,0,0,dos
32,20,1502,4152,30,0,0,0,0,0,1,1,0,0,0,0,1,0,0,168,48,0.29,0.04,0.01,0,0,0,0,0,normal
4,61,104,2085,0,0,0,0,0,0,1,1,0,0,0,0,1,0,0,243,2,0.01,0.02,0,0,0,0,0,0,normal
0,20,5891,0,0,0,0,0,0,0,17,31,0,0,0,0,1,0,0.06,133,67,0.36,0.02,0.36,0.03,0,0,0,0,normal
0,16,1032,0,0,0,0,0,0,0,511,511,0,0,0,0,1,0,0,255,96,0.38,0.2,0.38,0,0,0,0,0,dos
0,25,246,12621,0,0,0,0,0,0,3,4,0,0,0,0,1,0,0.5,197,255,1,0,0.01,0.01,0,0,0,0,normal
0,25,344,5378,0,0,0,0,0,0,8,20,0,0,0,0,1,0,0.1,255,255,1,0,0,0,0,0,0,0,normal
0,25,240,881,0,0,0,0,0,0,26,26,0,0,0,0,1,0,0,255,255,1,0,0,0,0,0,0,0,normal
0,25,318,525,0,0,0,0,0,0,1,3,0,0,0,0,1,0,0.67,128,255,1,0,0.01,0.01,0.02,0.01,0.02,0.01,normal
0,25,217,3005,0,0,0,0,0,0,3,4,0,0,0,0,1,0,0.5,13,255,1,0,0.08,0.05,0,0,0,0,normal
0,25,0,0,0,0,0,0,0,0,51,16,1,1,0,0,0.31,0.08,0,255,62,0.24,0.02,0.01,0,1,1,0,0,dos
0,25,310,3222,0,0,0,0,0,0,4,4,0,0,0,0,1,0,0,255,221,0.87,0.01,0,0,0,0,0,0,normal
0,20,0,0,0,0,0,0,0,0,47,4,1,1,0,0,0.09,0.09,0,255,64,0.25,0.02,0.02,0,1,1,0,0,dos
0,35,0,0,0,0,0,0,0,0,133,14,1,1,0,0,0.11,0.06,0,255,4,0.02,0.07,0,0,1,1,0,0,dos
0,15,8,0,0,0,0,0,0,0,1,50,0,0,0,0,1,0,1,2,246,1,0,1,0.5,0,0,0,0,probe
0,61,0,0,0,0,0,0,0,0,64,16,1,1,0,0,0.25,0.06,0,255,47,0.18,0.05,0.01,0,1,1,0,0,dos
0,57,0,0,0,0,0,0,0,0,230,8,1,1,0,0,0.03,0.06,0,255,8,0.03,0.05,0,0,1,1,0,0,dos
39804,50,1,0,0,0,0,0,0,0,2,2,0,0,1,1,1,0,0,255,2,0.01,0.5,1,0,0,0,1,1,probe
0,25,0,0,0,0,0,0,0,0,1,1,0,0,1,1,1,0,0,8,85,1,0,0.12,0.21,0,0.01,1,0.84,normal
0,25,0,0,0,0,0,0,0,0,103,1,0,0,1,1,0.01,0.08,0,255,1,0,0.07,0,0,0,0,1,1,dos
0,20,74,0,0,0,0,0,0,0,2,2,0,0,0,0,1,0,0,255,5,0.02,0.07,0.02,0,0.92,0,0,0,normal
0,25,206,285,0,0,0,0,0,0,17,33,0,0,0,0,1,0,0.18,255,255,1,0,0,0,0,0,0,0,normal
0,20,748,0,0,0,0,9,0,0,1,1,0,0,0,0,1,0,0,118,45,0.11,0.03,0.11,0.04,0.01,0.02,0,0,normal
0,50,0,0,0,0,0,0,0,0,127,16,1,1,0,0,0.13,0.07,0,255,14,0.05,0.09,0,0,1,1,0,0,dos
0,19,0,0,0,0,0,0,0,0,4,2,1,1,0,0,0.5,0.75,0,255,42,0.16,0.05,0,0,1,1,0,0,dos
0,55,1996,285,0,0,0,0,0,0,1,1,0,0,0,0,1,0,0,38,158,0.74,0.11,0.03,0.02,0,0,0,0,normal
0,25,304,1860,0,0,0,0,0,0,4,4,0,0,0,0,1,0,0,9,87,1,0,0.11,0.05,0,0,0,0,normal
0,22,0,0,0,0,0,0,0,0,47,13,1,1,0,0,0.28,0.11,0,255,13,0.05,0.08,0,0,1,1,0,0,dos
0,25,295,2966,0,0,0,0,0,0,6,8,0,0,0,0,1,0,0.38,255,255,1,0,0,0,0,0,0,0,normal
0,64,0,0,0,0,0,0,0,0,178,1,1,1,0,0,0.01,0.08,0,255,1,0,0.07,0,0,1,1,0,0,dos
0,25,232,16070,0,0,0,0,0,0,8,10,0,0,0,0,1,0,0.2,110,255,1,0,0.01,0.03,0,0,0,0,normal
12833,45,1,0,0,0,0,0,0,0,2,2,0,0,1,1,1,0,0,255,2,0.01,0.67,1,0,0,0,1,1,probe
0,25,0,0,0,0,0,0,0,0,40,12,1,1,0,0,0.3,0.1,0,255,2,0.01,0.06,0,0,1,1,0,0,dos
0,50,105,146,0,0,0,0,0,0,1,1,0,0,0,0,1,0,0,22,19,0.86,0.14,0.05,0,0,0,0,0,normal
0,39,0,0,0,0,0,0,0,0,105,14,1,1,0,0,0.13,0.06,0,255,14,0.05,0.05,0,0,1,1,0,0,dos
0,50,0,0,0,0,0,0,0,0,138,9,1,1,0,0,0.07,0.06,0,255,7,0.03,0.07,0.01,0,1,1,0,0,dos
0,12,33,87,0,0,0,0,0,0,1,5,0,0,0,0,1,0,0.8,255,233,0.91,0.01,0,0,0,0,0,0,normal
0,50,0,0,0,0,0,0,0,0,237,20,1,1,0,0,0.08,0.05,0,255,20,0.08,0.07,0,0,1,1,0,0,dos
0,25,265,2776,0,0,0,0,0,0,14,14,0,0,0,0,1,0,0,135,255,1,0,0.01,0.04,0,0,0,0,normal
0,17,0,0,0,0,0,0,0,0,143,18,1,1,0,0,0.13,0.06,0,255,18,0.07,0.06,0,0,1,1,0,0,dos
0,50,105,0,0,0,0,0,0,0,2,2,0,0,0,0,1,0,0,3,3,1,0,0.67,0,0,0,0,0,normal
0,25,200,764,0,0,0,0,0,0,2,12,0,0,0,0,1,0,0.33,23,255,1,0,0.04,0.02,0,0,0,0,normal
0,67,0,0,0,0,0,0,0,0,14,2,1,1,0,0,0.14,0.14,0,255,8,0.03,0.07,0,0,1,1,0,0,dos
0,25,206,14927,0,0,0,0,0,0,2,2,0,0,0,0,1,0,0,13,255,1,0,0.08,0.03,0,0,0,0,normal
0,16,1032,0,0,0,0,0,0,0,511,511,0,0,0,0,1,0,0,255,203,0.8,0.02,0.8,0,0,0,0,0,dos
0,30,0,0,0,0,0,0,0,0,292,24,1,1,0,0,0.08,0.05,0,255,24,0.09,0.05,0,0,1,1,0,0,dos
0,12,44,135,0,0,0,0,0,0,72,151,0,0,0,0,0.97,0.04,0.01,255,237,0.93,0.01,0,0,0,0,0,0,normal
0,25,0,0,0,0,0,0,0,0,1,2,0,0,1,1,1,0,1,103,255,1,0,0.01,0.13,0,0,1,1,normal
0,25,323,608,0,0,0,0,0,0,26,26,0,0,0,0,1,0,0,255,255,1,0,0,0,0,0,0,0,normal
0,22,0,0,0,0,0,0,0,0,1,1,0,0,1,1,1,0,0,51,2,0.02,1,0.02,1,0,0,0.96,0.5,probe
0,25,193,2969,0,0,0,0,0,0,12,12,0,0,0,0,1,0,0,24,255,1,0,0.04,0.03,0,0,0,0,normal
0,25,339,1150,0,0,0,0,0,0,10,14,0,0,0,0,1,0,0.36,10,62,1,0,0.1,0.11,0,0,0,0.03,normal
0,15,8,0,0,0,0,0,0,0,1,30,0,0,0,0,1,0,1,1,229,1,0,1,0.25,0,0,0,0,probe
0,25,322,272,0,0,0,0,0,0,4,4,0,0,0,0,1,0,0,255,227,0.89,0.01,0,0,0,0,0,0,normal
0,25,0,0,0,0,0,0,0,0,2,4,0.5,0.25,0,0,1,0,0.75,19,255,1,0,0.11,0.02,0.05,0,0,0,normal
0,11,0,0,0,0,0,0,0,0,191,10,1,1,0,0,0.05,0.07,0,255,10,0.04,0.08,0,0,1,1,0,0,dos
0,5,0,0,0,0,0,0,0,0,246,6,1,1,0,0,0.02,0.07,0,255,6,0.02,0.07,0,0,1,1,0,0,dos
0,45,8325,0,0,0,0,0,0,0,1,1,1,1,0,0,1,0,0,229,1,0,0.12,0.42,0,0.01,1,0,0,normal
0,16,1032,0,0,0,0,0,0,0,511,511,0,0,0,0,1,0,0,255,49,0.19,0.17,0.19,0,0,0,0,0,dos
0,50,0,0,0,0,0,0,0,0,109,13,1,1,0,0,0.12,0.06,0,255,11,0.04,0.09,0,0,1,1,0,0,dos
0,25,231,1550,0,0,0,0,0,0,15,15,0,0,0,0,1,0,0,249,255,1,0,0,0.02,0,0,0.34,0.36,normal
0,12,102,0,0,0,0,0,0,0,1,2,0,0,0,0,1,0,1,27,25,0.93,0.11,0.11,0,0,0,0,0,normal
0,25,201,1263,0,0,0,0,0,0,4,7,0,0,0,0,1,0,0.29,64,255,1,0,0.02,0.01,0,0,0,0,normal
0,20,151,0,0,0,0,0,0,0,1,1,0,0,0,0,1,0,0,57,37,0.33,0.07,0.33,0.05,0,0,0,0,normal
0,25,292,2159,0,0,0,0,0,0,8,8,0,0,0,0,1,0,0,130,255,1,0,0.01,0.01,0,0,0,0,normal
0,50,0,0,0,0,0,0,0,0,57,20,1,1,0,0,0.35,0.05,0,255,18,0.07,0.06,0,0,1,1,0,0,dos
0,25,319,12689,0,0,0,0,0,0,11,11,0,0,0,0,1,0,0,255,255,1,0,0,0,0,0,0,0,normal
0,12,46,46,0,0,0,0,0,0,11,17,0,0,0,0,1,0,0.18,202,198,0.98,0.01,0,0,0,0,0,0,normal
0,3,0,0,0,0,0,0,0,0,287,16,0,0,1,1,0.06,0.06,0,255,16,0.06,0.07,0,0,0,0,1,1,dos
0,6,0,0,0,0,0,0,0,0,91,11,1,1,0,0,0.12,0.07,0,255,3,0.01,0.08,0,0,1,1,0,0,dos
0,25,199,293,0,0,0,0,0,0,9,9,0,0,0,0,1,0,0,131,255,1,0,0.01,0.04,0.01,0,0,0,normal
0,25,266,2535,0,0,0,0,0,0,28,29,0,0,0,0,1,0,0.07,47,255,1,0,0.02,0.03,0,0,0,0,normal
0,50,0,0,0,0,0,0,0,0,208,18,1,1,0,0,0.09,0.06,0,255,18,0.07,0.07,0,0,1,1,0,0,dos
0,25,337,942,0,0,0,0,0,0,14,14,0,0,0,0,1,0,0,54,84,1,0,0.02,0.04,0,0,0,0,normal
0,25,226,1301,0,0,0,0,0,0,5,5,0,0,0,0,1,0,0,14,255,1,0,0.07,0.03,0,0,0,0,normal
0,31,0,0,0,0,0,0,0,0,113,20,0,0,1,1,0.18,0.07,0,255,20,0.08,0.06,0,0,0,0,1,1,dos
0,16,30,0,0,0,0,0,0,0,2,2,0,0,0,0,1,0,0,28,28,1,0,1,0,0,0,0,0,normal
0,12,36,101,0,0,0,0,0,0,2,2,0,0,0,0,1,0,0,2,2,1,0,1,0,0,0,0,0,normal
0,25,206,1286,0,0,0,0,0,0,4,46,0,0,0,0.02,1,0,0.09,255,255,1,0,0,0,0,0,0,0,normal
4263,45,147,105,0,0,0,0,0,0,5,1,0,0,0,0,0.2,0.6,0,169,2,0.01,0.57,0.87,0,0,0,0,0,normal
0,25,249,25024,0,0,0,0,0,0,1,1,0,0,0,0,1,0,0,87,255,1,0,0.01,0.04,0,0,0,0,normal
0,50,1,0,0,0,0,0,0,0,59,32,0,0,0,0,0.54,0.07,0,255,97,0.38,0.06,1,0,0,0,0,0,probe
1,55,988,333,0,0,0,0,0,0,1,3,0,0,0,0,1,0,1,125,140,0.4,0.06,0.01,0.01,0.02,0.02,0,0,normal
0,20,1874,0,0,0,0,0,0,0,2,2,0,0,0,0,1,0,0,244,63,0.23,0.02,0.23,0.03,0,0,0.03,0,normal
0,50,0,0,0,0,0,0,0,0,41,15,1,1,0,0,0.37,0.1,0,255,15,0.06,0.08,0,0,1,1,0,0,dos
0,50,0,0,0,0,0,0,0,0,296,25,1,1,0,0,0.08,0.04,0,156,25,0.16,0.06,0.01,0,0.99,1,0,0,dos
0,12,33,0,0,0,0,0,0,0,1,2,0,0,0,0,1,0,1,223,24,0.11,0.04,0.11,0,0,0,0,0,normal
0,25,216,3024,0,0,0,0,0,0,8,8,0,0,0,0,1,0,0,41,255,1,0,0.02,0.02,0,0,0,0,normal
0,50,0,0,0,0,0,0,0,0,132,16,1,1,0,0,0.12,0.05,0,255,29,0.11,0.05,0,0,1,1,0,0,dos
0,25,201,290,0,0,0,0,0,0,14,14,0,0,0,0,1,0,0,255,255,1,0,0,0,0,0,0,0,normal
0,20,12286,0,0,0,0,0,0,0,7,7,0,0,0,0,1,0,0,54,40,0.24,0.07,0.24,0.05,0,0,0,0,normal
0,25,204,1487,0,0,0,0,0,0,13,13,0,0,0,0,1,0,0,13,255,1,0,0.08,0.02,0,0,0,0,normal
0,25,0,6361,0,0,0,0,0,0,4,15,0.25,0.2,0,0,1,0,0.33,4,255,1,0,0.25,0.07,0.25,0.01,0,0,normal
0,66,78,0,0,0,0,0,0,0,19,4,0,0,0,0,0.21,0.11,0,255,16,0.06,0.01,0.06,0,0,0,0,0,normal
0,12,45,120,0,0,0,0,0,0,272,273,0,0,0,0,1,0,0.01,255,229,0.9,0.01,0,0,0,0,0,0,normal
0,25,349,1719,0,0,0,0,0,0,13,13,0,0,0,0,1,0,0,187,255,1,0,0.01,0.02,0,0,0,0,normal
0,19,0,0,0,0,0,0,0,0,1,2,1,1,0,0,1,0,1,1,5,1,0,1,1,1,1,0,0,normal
0,45,0,0,0,0,0,0,0,0,509,1,0.16,0,0.84,1,0,1,0,255,1,0,1,0,0,0.05,0,0.95,1,probe
0,55,1112,307,0,0,0,0,0,0,1,1,0,0,0,0,1,0,0,225,100,0.36,0.01,0,0.02,0,0,0,0,normal
8377,45,1,0,0,0,0,0,0,0,2,2,0,0,1,1,1,0,0,255,2,0.01,0.67,1,0,0,0,1,1,probe
0,25,220,406,0,0,0,0,0,0,6,6,0.17,0.17,0,0,1,0,0,255,255,1,0,0,0,0,0,0,0,normal
0,12,45,111,0,0,0,0,0,0,1,1,0,0,0,0,1,0,0,180,229,1,0,1,0.01,0,0,0,0,normal
0,37,0,0,0,0,0,0,0,0,246,3,1,1,0,0,0.01,0.06,0,255,4,0.02,0.07,0,0,1,1,0,0,dos
0,55,848,332,0,0,0,0,0,0,1,1,0,0,0,0,1,0,0,168,166,0.79,0.02,0.01,0.01,0,0,0,0,normal
0,25,309,4281,0,0,0,0,0,0,5,5,0,0,0,0,1,0,0,21,255,1,0,0.05,0.05,0,0,0,0,normal
1,55,1137,332,0,0,0,0,0,0,1,2,0,0,0,0,1,0,1,255,137,0.54,0.06,0,0,0.02,0.02,0,0,normal
28,20,1061,3081,22,0,0,0,0,0,1,1,0,0,0,0,1,0,0,255,45,0.18,0.03,0,0,0,0,0,0,normal
0,16,520,0,0,0,0,0,0,0,105,105,0,0,0,0,1,0,0,255,255,1,0,1,0,0,0,0,0,dos
0,25,210,1978,0,0,0,0,0,0,34,35,0,0,0,0,1,0,0.06,39,255,1,0,0.03,0.02,0,0,0,0,normal
1,55,1459,325,0,0,0,0,0,0,1,4,0,0,0,0,1,0,1,166,124,0.43,0.02,0.01,0.02,0,0,0,0,normal
0,69,0,0,0,0,0,0,0,0,227,12,1,1,0,0,0.05,0.06,0,255,12,0.05,0.07,0,0,1,1,0,0,dos
0,50,0,0,0,0,0,0,0,0,192,14,1,1,0,0,0.07,0.06,0,255,9,0.04,0.07,0,0,1,1,0,0,dos
454,61,492,14334,2,0,2,0,0,0,2,2,0,0,1,1,1,0,0,38,13,0.34,0.11,0.05,0,0,0,0.05,0.15,normal
26070,50,1,0,0,0,0,0,0,0,2,2,0,0,1,1,1,0,0,255,2,0.01,0.71,1,0,0,0,1,1,probe
0,25,213,122,0,0,0,0,0,0,1,1,0,0,0,0,1,0,0,255,255,1,0,0,0,0,0,0,0,normal
0,25,343,2445,0,0,0,0,0,0,6,6,0,0,0,0,1,0,0,32,255,1,0,0.03,0.02,0,0,0,0,normal
0,25,0,0,0,0,0,0,0,0,1,21,0,0.95,1,0.05,1,0,0.1,2,199,1,0,0.5,0.27,0,0,1,1,normal
0,22,0,0,0,0,0,0,0,0,264,23,1,1,0,0,0.09,0.05,0,255,23,0.09,0.05,0,0,1,1,0,0,dos
0,25,222,866,0,0,0,0,0,0,13,13,0,0,0,0,1,0,0,56,255,1,0,0.02,0.02,0,0,0,0,normal
0,67,0,0,0,0,0,0,0,0,105,2,0,0,1,1,0.02,0.08,0,255,2,0.01,0.07,0,0,0,0,1,1,dos
0,15,8,0,0,0,0,0,0,0,1,31,0,0,0,0,1,0,1,4,92,1,0,1,0.25,0,0,0,0,probe
4,55,1119,329,0,0,0,0,0,0,1,2,0,0,0,0,1,0,1,149,151,0.46,0.04,0.01,0.01,0,0,0,0,normal
2,64,0,4,0,0,0,0,0,0,1,1,0,0,0,0,1,0,0,8,8,1,0,0.12,0,0,0,0,0,normal
0,17,0,0,0,0,0,0,0,0,140,14,1,1,0,0,0.1,0.06,0,255,14,0.05,0.06,0,0,1,1,0,0,dos
0,34,0,0,0,0,0,0,0,0,274,22,1,1,0,0,0.08,0.05,0,255,22,0.09,0.05,0,0,1,1,0,0,dos
2,20,2194619,0,0,0,0,0,0,0,1,1,0,0,0,0,1,0,0,201,47,0.18,0.02,0.18,0.04,0,0,0,0,normal
1,55,1917,366,0,0,0,0,0,0,1,3,0,0,0,0,1,0,1,66,63,0.95,0.03,0.02,0,0,0,0,0,normal
0,25,303,1075,0,0,0,0,0,0,6,12,0,0.08,0,0,1,0,0.17,255,252,0.99,0.01,0,0,0,0,0,0,normal
0,61,0,0,0,0,0,0,0,0,228,14,1,1,0,0,0.06,0.07,0,255,14,0.05,0.07,0,0,1,1,0,0,dos
0,25,216,10622,0,0,0,0,0,0,4,4,0,0,0,0,1,0,0,65,255,1,0,0.02,0.05,0,0,0,0,normal
0,10,0,0,0,0,0,0,0,0,225,17,1,1,0,0,0.08,0.06,0,255,17,0.07,0.06,0,0,1,1,0,0,dos
0,11,0,0,0,0,0,0,0,0,267,8,1,1,0,0,0.03,0.06,0,255,8,0.03,0.07,0,0,1,1,0,0,dos
0,50,0,0,0,0,0,0,0,0,1,1,0,0,1,1,1,0,0,255,1,0,0.16,0.15,0,0,0,0.15,1,probe
1049,61,760,68041,0,2,0,0,0,0,1,1,0,0,0,0,1,0,0,250,112,0.45,0.01,0,0,0.8,0.89,0,0,normal
0,32,0,0,0,0,0,0,0,0,1,1,0,0,1,1,1,0,0,255,1,0,0.67,1,0,0,0,1,1,probe
0,50,0,0,0,0,0,0,0,0,99,2,0.99,1,0,0,0.02,0.09,0,255,2,0.01,0.06,0,0,1,1,0,0,dos
0,36,0,0,0,0,0,0,0,0,248,2,1,1,0,0,0.01,0.06,0,255,2,0.01,0.06,0,0,1,1,0,0,dos
0,25,191,5678,0,0,0,0,0,0,6,9,0,0,0,0,1,0,0.22,8,255,1,0,0.12,0.02,0,0,0,0,normal
0,50,0,0,0,0,0,0,0,0,2,1,0,0,1,1,0.5,1,0,255,1,0,0.65,0.64,0,0,0,0.64,1,probe
0,25,273,3070,0,0,0,0,0,0,2,20,0,0,0,0,1,0,0.15,48,255,1,0,0.02,0.04,0,0,0,0,normal
0,50,0,0,0,0,0,0,0,0,11,5,1,1,0,0,0.45,0.27,0,255,19,0.07,0.09,0,0,1,1,0,0,dos
0,25,253,552,0,0,0,0,0,0,5,5,0.2,0.2,0,0,1,0,0,255,255,1,0,0,0,0,0,0,0,normal
0,50,215,0,0,0,0,0,0,0,1,1,0,0,0,0,1,0,0,125,109,0.87,0.02,0.87,0,0,0,0,0,probe
0,50,0,0,0,0,0,0,0,0,66,4,1,1,0,0,0.06,0.09,0,255,4,0.02,0.07,0,0,1,1,0,0,dos
0,50,0,0,0,0,0,0,0,0,113,7,1,1,0,0,0.06,0.07,0,112,7,0.06,0.09,0.01,0,1,1,0,0,dos
0,3,0,0,0,0,0,0,0,0,236,1,1,1,0,0,0,0.07,0,255,1,0,0.07,0,0,1,1,0,0,dos
0,12,45,140,0,0,0,0,0,0,123,123,0,0,0,0,1,0,0,255,254,1,0.01,0,0,0,0,0,0,normal
0,16,1032,0,0,0,0,0,0,0,464,464,0,0,0,0,1,0,0,255,255,1,0,1,0,0,0,0,0,dos
0,25,251,1981,0,0,0,0,0,0,2,2,0,0,0,0,1,0,0,223,255,1,0,0,0.01,0,0,0,0,normal
0,60,0,0,0,0,0,0,0,0,300,16,0,0,1,1,0.05,0.06,0,255,16,0.06,0.07,0,0,0,0,1,1,dos
0,20,12,0,0,0,0,0,0,0,2,2,0,0,0,0,1,0,0,11,88,0.36,0.27,0.36,0.02,0,0.01,0,0,normal
0,55,1413,386,0,0,0,0,0,0,1,2,0,0,0,0,1,0,1,255,121,0.47,0.02,0,0,0.49,0.55,0,0,normal
0,10,0,0,0,0,0,0,0,0,202,1,1,1,0,0,0,0.07,0,255,1,0,0.09,0,0,1,1,0,0,dos
0,25,256,861,0,0,0,0,0,0,27,27,0,0,0,0,1,0,0,255,255,1,0,0,0,0,0,0,0,normal
0,25,313,11759,0,0,0,0,0,0,3,3,0,0,0,0,1,0,0,6,255,1,0,0.17,0.02,0,0,0,0,normal
0,55,979,340,0,0,0,0,0,0,1,2,0,0,0,0,1,0,1,202,140,0.54,0.02,0,0.01,0,0,0,0,normal
0,41,0,0,0,0,0,0,0,0,256,2,1,1,0,0,0.01,0.07,0,255,2,0.01,0.07,0,0,1,1,0,0,dos
0,50,0,0,0,0,0,0,0,0,187,6,1,1,0,0,0.03,0.07,0,255,15,0.06,0.07,0,0,1,1,0,0,dos
0,25,231,7466,0,0,0,0,0,0,1,1,0,0,0,0,1,0,0,1,255,1,0,1,0.05,0,0,0,0,normal
0,25,305,8181,0,0,0,0,0,0,8,29,0,0,0,0,1,0,0.1,110,255,1,0,0.01,0.01,0,0,0,0,normal
0,12,44,110,0,0,0,0,0,0,1,1,0,0,0,0,1,0,0,95,223,1,0,1,0.01,0,0,0,0,normal
0,25,316,3632,0,0,0,0,0,0,5,5,0,0,0,0,1,0,0,5,255,1,0,0.2,0.02,0,0.01,0,0,normal
0,50,0,0,0,0,0,0,0,0,1,1,0,0,1,1,1,0,0,10,2,0.1,1,0.1,1,0,0,0.9,1,probe
0,15,8,0,0,0,0,0,0,0,1,9,0,0,0,0,1,0,1,2,138,1,0,1,0.25,0,0,0,0,probe
0,25,0,0,0,0,0,0,0,0,254,6,0,0,1,1,0.02,0.07,0,255,6,0.02,0.08,0,0,0,0,1,1,dos
0,25,0,0,0,0,0,0,0,0,140,17,0,0,1,1,0.12,0.06,0,255,17,0.07,0.07,0,0,0,0,1,1,dos
0,55,766,337,0,0,0,0,0,0,1,2,0,0,0,0,1,0,1,41,198,0.73,0.1,0.02,0.02,0,0,0,0,normal
0,48,35,130,0,0,0,0,0,0,1,1,0,0,0,0,1,0,0,255,5,0.02,0.03,0,0,0,0,0,0,normal
0,50,0,0,0,0,0,0,0,0,2,1,0,0,1,1,0.5,1,0,255,1,0,0.56,0.51,0,0.02,0,0.52,1,probe
0,20,2890,0,0,0,0,0,0,0,13,13,0,0,0,0,1,0,0,112,60,0.54,0.03,0.54,0,0,0,0,0,normal
0,19,0,0,0,0,0,0,0,0,257,5,1,1,0,0,0.02,0.07,0,255,5,0.02,0.07,0,0,1,1,0,0,dos
0,25,0,0,0,0,0,0,0,0,1,1,0,0,1,1,1,0,0,12,255,1,0,0.08,0.33,0,0,1,0.99,normal
0,25,231,7240,0,0,0,0,0,0,9,9,0,0,0,0,1,0,0,27,255,1,0,0.04,0.02,0,0,0,0,normal
0,12,46,134,0,0,0,0,0,0,145,225,0,0,0,0,1,0,0.01,255,255,1,0,0,0,0,0,0,0,normal
0,25,0,0,0,0,0,0,0,0,2,2,0,0,0.5,0.5,1,0,0,2,255,1,0,1,0.01,0,0,0.5,0,normal
0,25,224,688,0,0,0,0,0,0,25,26,0,0,0,0,1,0,0.08,25,255,1,0,0.04,0.02,0,0,0,0,normal
0,50,0,0,0,0,0,0,0,0,126,20,1,1,0,0,0.16,0.06,0,255,5,0.02,0.06,0,0,1,1,0,0,dos
0,33,0,0,0,0,0,0,0,0,147,19,1,1,0,0,0.13,0.05,0,255,19,0.07,0.06,0,0,1,1,0,0,dos
0,50,0,0,0,0,0,0,0,0,194,22,1,1,0,0,0.11,0.05,0,255,22,0.09,0.05,0,0,1,1,0,0,dos
0,50,0,0,0,0,0,0,0,0,69,20,1,1,0,0,0.29,0.07,0,255,3,0.01,0.07,0,0,1,1,0,0,dos
0,12,46,46,0,0,0,0,0,0,76,156,0,0,0,0,1,0,0.01,255,242,0.95,0.01,0.01,0,0,0,0,0,normal
0,50,0,0,0,0,0,0,0,0,130,15,1,1,0,0,0.12,0.05,0,255,17,0.07,0.06,0,0,1,1,0,0,dos
0,5,0,0,0,0,0,0,0,0,206,3,1,1,0,0,0.01,0.07,0,255,3,0.01,0.07,0,0,1,1,0,0,dos
32,12,42,42,0,0,0,0,0,0,2,4,0,0,0,0,1,0,0.75,255,245,0.96,0.01,0,0,0,0,0,0,normal
0,25,288,4872,0,0,0,0,0,0,11,11,0,0,0,0,1,0,0,255,255,1,0,0,0,0,0,0,0,normal
0,25,325,1817,0,0,0,0,0,0,14,14,0,0,0,0,1,0,0,98,255,1,0,0.01,0.03,0,0,0,0,normal
0,20,8737,0,0,0,0,0,0,0,11,11,0,0,0,0,1,0,0,17,17,1,0,1,0,0,0,0,0,normal
0,15,8,0,0,0,0,0,0,0,1,8,0,0,0,0,1,0,1,1,223,1,0,1,0.5,0,0,0,0,probe
2,20,2194619,0,0,0,0,0,0,0,2,2,0,0,0,0,1,0,0,201,29,0.11,0.02,0.11,0.07,0,0,0,0,normal
0,55,1392,481,0,0,0,0,0,0,1,1,0,0,0,0,1,0,0,255,2,0.01,0.01,0,0,0,0,0,0,normal
0,15,8,0,0,0,0,0,0,0,1,6,0,0,0,0,1,0,1,2,129,1,0,1,0.5,0,0,0,0,probe
0,25,338,278,0,0,0,0,0,0,3,3,0,0,0,0,1,0,0,255,225,0.88,0.01,0,0,0,0,0,0,normal
0,50,0,0,0,0,0,0,0,0,102,10,1,1,0,0,0.1,0.06,0,255,6,0.02,0.07,0,0,1,1,0,0,dos
0,50,0,0,0,0,0,0,0,0,250,10,1,1,0,0,0.04,0.06,0,255,11,0.04,0.06,0,0,1,1,0,0,dos
0,50,0,0,0,0,0,0,0,0,129,8,1,1,0,0,0.06,0.06,0,136,13,0.1,0.11,0.01,0,1,1,0,0,dos
0,20,0,0,0,0,0,0,0,0,249,11,1,1,0,0,0.04,0.06,0,255,11,0.04,0.07,0,0,1,1,0,0,dos
0,25,337,3360,0,0,0,0,0,0,4,4,0,0,0,0,1,0,0,255,255,1,0,0,0,0,0,0,0,normal
0,38,0,0,0,0,0,0,0,0,150,16,1,1,0,0,0.11,0.05,0,255,2,0.01,0.08,0,0,1,1,0,0,dos
0,25,349,253,0,0,0,0,0,0,11,12,0,0,0,0,1,0,0.17,255,255,1,0,0,0,0,0,0,0,normal
0,45,0,0,0,0,0,0,0,0,510,1,0.2,0,0.8,1,0,1,0,255,1,0,1,0,0,0.16,0,0.84,1,probe
0,12,44,128,0,0,0,0,0,0,148,148,0,0,0,0,1,0,0,255,254,1,0.01,0,0,0,0,0,0,normal
0,25,337,578,0,0,0,0,0,0,7,7,0,0,0,0,1,0,0,65,255,1,0,0.02,0.05,0,0,0,0,normal
0,39,0,0,0,0,0,0,0,0,176,13,0,0,1,1,0.07,0.07,0,255,13,0.05,0.07,0,0,0,0,1,1,dos
0,16,520,0,0,0,0,0,0,0,178,178,0,0,0,0,1,0,0,255,255,1,0,1,0,0,0,0,0,dos
0,20,1874,0,0,0,0,0,0,0,8,8,0,0,0,0,1,0,0,255,102,0.4,0.02,0.4,0,0,0,0,0,normal
0,14,0,0,0,0,0,0,0,0,250,1,0,0,1,1,0,0.07,0,255,1,0,0.09,0,0,0,0,1,1,dos
0,12,44,125,0,0,0,0,0,0,73,150,0,0,0,0,1,0,0.01,255,192,0.75,0.02,0,0,0,0,0,0,normal
0,3,0,0,0,0,0,0,0,0,204,2,0,0,1,1,0.01,0.07,0,255,2,0.01,0.08,0,0,0,0,1,1,dos
0,20,884,0,0,0,0,0,0,0,2,2,0,0,0,0,1,0,0,6,54,1,0,1,0.04,0,0,0,0,normal
0,33,0,0,0,0,0,0,0,0,136,4,1,1,0,0,0.03,0.06,0,255,13,0.05,0.06,0,0,1,1,0,0,dos
0,6,0,0,0,0,0,0,0,0,253,19,1,1,0,0,0.08,0.06,0,255,3,0.01,0.06,0,0,1,1,0,0,dos
0,50,0,0,0,0,0,0,0,0,118,5,1,1,0,0,0.04,0.07,0,255,14,0.05,0.05,0,0,1,1,0,0,dos
0,25,348,8143,0,0,0,0,0,0,8,16,0,0,0,0,1,0,0.38,45,255,1,0,0.02,0.06,0,0,0.02,0,normal
0,58,0,0,0,0,0,0,0,0,130,1,1,1,0,0,0.01,0.06,0,255,13,0.05,0.06,0,0,1,1,0,0,dos
0,24,0,0,0,0,0,0,0,0,286,21,1,1,0,0,0.07,0.05,0,255,21,0.08,0.05,0,0,1,1,0,0,dos
0,25,210,955,0,0,0,0,0,0,6,7,0,0,0,0,1,0,0.29,85,255,1,0,0.01,0.02,0,0,0.04,0.04,normal
0,16,1032,0,0,0,0,0,0,0,509,509,0,0,0,0,1,0,0,188,43,0.23,0.02,0.23,0,0,0,0,0,dos
0,50,0,0,0,0,0,0,0,0,164,7,1,1,0,0,0.04,0.07,0,255,8,0.03,0.09,0,0,1,1,0,0,dos
0,50,0,0,0,0,0,0,0,0,114,4,1,1,0,0,0.04,0.07,0,255,4,0.02,0.06,0,0,1,1,0,0,dos
0,45,0,0,0,0,0,0,0,0,511,1,0.05,0,0.95,1,0,0.96,0,255,1,0,0.96,0,0,0.03,0,0.97,1,probe
0,45,0,0,0,0,0,0,0,0,511,1,0.12,0,0.85,1,0,1,0,255,1,0,1,0,0,0.16,0,0.82,1,probe
0,19,0,0,0,0,0,0,0,0,30,16,1,1,0,0,0.53,0.07,0,255,60,0.24,0.04,0.01,0,1,1,0,0,dos
0,55,657,326,0,0,0,0,0,0,2,1,0,0,0,0,0.5,1,0,255,11,0.04,0.6,0,0,0,0.09,0,0,normal
0,25,352,13336,0,0,0,0,0,0,1,1,1,1,0,0,1,0,0,133,255,1,0,0.01,0.04,0.01,0,0.13,0.08,normal
2,50,105,147,0,0,0,0,0,0,2,2,0,0,0,0,1,0,0,255,224,0.88,0.01,0.01,0,0,0,0,0,normal
0,25,206,1707,0,0,0,0,0,0,25,25,0,0,0,0,1,0,0,115,231,1,0,0.01,0.02,0,0,0.01,0,normal
0,18,0,0,0,0,0,0,0,0,144,16,0,0,1,1,0.11,0.06,0,255,9,0.04,0.06,0,0,0,0,1,1,dos
0,50,28,0,0,0,0,0,0,0,69,69,0,0,0,0,1,0,0,141,69,0.49,0.03,0.49,0,0,0,0,0,dos
0,12,44,135,0,0,0,0,0,0,247,247,0,0,0,0,1,0,0,255,251,0.98,0.01,0,0,0,0,0,0,normal
0,50,0,0,0,0,0,0,0,0,54,24,1,1,0,0,0.44,0.07,0,255,24,0.09,0.05,0,0,1,1,0,0,dos
0,12,44,44,0,0,0,0,0,0,109,189,0,0,0,0,0.99,0.02,0.01,255,254,1,0.01,0.01,0,0,0,0,0,normal
0,12,44,44,0,0,0,0,0,0,109,189,0,0,0,0,0.99,0.02,0.01,255,254,1,0.01,0.01,0,0,0,0,0,normal
